,day,quota_daily,quota_daily_balance
0,2014-11-17,130.0,0.0
1,2014-11-18,130.0,81.55
2,2014-11-19,130.0,103.88
3,2014-11-20,130.0,107.24
4,2014-11-21,130.0,106.59
5,2014-11-24,130.0,60.44
6,2014-11-25,130.0,101.47
7,2014-11-26,130.0,97.05
8,2014-11-27,130.0,100.1
9,2014-11-28,130.0,106.55
10,2014-12-01,130.0,116.02
11,2014-12-02,130.0,96.89
12,2014-12-03,130.0,91.39
13,2014-12-04,130.0,94.79
14,2014-12-05,130.0,104.33
15,2014-12-08,130.0,113.23
16,2014-12-09,130.0,118.41
17,2014-12-10,130.0,110.59
18,2014-12-11,130.0,119.26
19,2014-12-12,130.0,111.38
20,2014-12-15,130.0,119.32
21,2014-12-16,130.0,116.82
22,2014-12-17,130.0,123.52
23,2014-12-18,130.0,110.92
24,2014-12-19,130.0,119.29
25,2014-12-22,130.0,115.72
26,2014-12-23,130.0,123.47
27,2014-12-24,130.0,130.0
28,2014-12-29,130.0,122.5
29,2014-12-30,130.0,136.3
30,2014-12-31,130.0,106.88
31,2015-01-05,130.0,83.11
32,2015-01-06,130.0,109.09
33,2015-01-07,130.0,112.47
34,2015-01-08,130.0,119.22
35,2015-01-09,130.0,113.83
36,2015-01-12,130.0,141.33
37,2015-01-13,130.0,131.16
38,2015-01-14,130.0,122.79
39,2015-01-15,130.0,119.92
40,2015-01-16,130.0,125.78
41,2015-01-19,130.0,133.27
42,2015-01-20,130.0,105.76
43,2015-01-21,130.0,108.65
44,2015-01-22,130.0,127.5
45,2015-01-23,130.0,125.76
46,2015-01-26,130.0,124.13
47,2015-01-27,130.0,118.63
48,2015-01-28,130.0,111.68
49,2015-01-29,130.0,101.14
50,2015-01-30,130.0,111.84
51,2015-02-02,130.0,106.6388
52,2015-02-03,130.0,80.42
53,2015-02-04,130.0,108.33
54,2015-02-05,130.0,91.94
55,2015-02-06,130.0,114.6
56,2015-02-09,130.0,110.01
57,2015-02-10,130.0,111.76
58,2015-02-11,130.0,112.33
59,2015-02-12,130.0,115.9
60,2015-02-13,130.0,108.43
61,2015-02-16,130.0,126.72
62,2015-02-17,130.0,125.97
63,2015-02-25,130.0,118.27
64,2015-02-26,130.0,132.74
65,2015-02-27,130.0,121.88
66,2015-03-02,130.0,118.73
67,2015-03-03,130.0,123.59
68,2015-03-04,130.0,123.78
69,2015-03-05,130.0,121.81
70,2015-03-06,130.0,125.35
71,2015-03-09,130.0,123.35
72,2015-03-10,130.0,128.97
73,2015-03-11,130.0,120.4
74,2015-03-12,130.0,112.81
75,2015-03-13,130.0,113.36
76,2015-03-16,130.0,114.8
77,2015-03-17,130.0,106.76
78,2015-03-18,130.0,112.6
79,2015-03-19,130.0,127.92
80,2015-03-20,130.0,114.51
81,2015-03-23,130.0,108.58
82,2015-03-24,130.0,145.52
83,2015-03-25,130.0,129.06
84,2015-03-26,130.0,139.17
85,2015-03-27,130.0,127.89
86,2015-03-30,130.0,140.85
87,2015-03-31,130.0,142.73
88,2015-04-01,130.0,126.4149
89,2015-04-02,130.0,130.0
90,2015-04-08,130.0,165.0472
91,2015-04-09,130.0,179.7856
92,2015-04-10,130.0,136.1433
93,2015-04-13,130.0,117.941
94,2015-04-14,130.0,123.8353
95,2015-04-15,130.0,118.5191
96,2015-04-16,130.0,110.55
97,2015-04-17,130.0,111.9694
98,2015-04-20,130.0,140.2278
99,2015-04-21,130.0,112.7838
100,2015-04-22,130.0,121.6523
101,2015-04-23,130.0,133.7551
102,2015-04-24,130.0,122.6427
103,2015-04-27,130.0,117.4536
104,2015-04-28,130.0,131.6792
105,2015-04-29,130.0,122.3551
106,2015-04-30,130.0,133.3475
107,2015-05-04,130.0,124.6562
108,2015-05-05,130.0,121.6686
109,2015-05-06,130.0,122.8781
110,2015-05-07,130.0,103.5315
111,2015-05-08,130.0,118.3336
112,2015-05-11,130.0,129.6337
113,2015-05-12,130.0,132.7446
114,2015-05-13,130.0,133.3071
115,2015-05-14,130.0,131.0924
116,2015-05-15,130.0,124.0343
117,2015-05-18,130.0,117.5302
118,2015-05-19,130.0,107.8512
119,2015-05-20,130.0,100.6432
120,2015-05-21,130.0,109.8796
121,2015-05-22,130.0,130.0
122,2015-05-26,130.0,94.1152
123,2015-05-27,130.0,126.5702
124,2015-05-28,130.0,161.2466
125,2015-05-29,130.0,107.0502
126,2015-06-01,130.0,110.6643
127,2015-06-02,130.0,125.195
128,2015-06-03,130.0,127.8195
129,2015-06-04,130.0,132.5966
130,2015-06-05,130.0,136.0897
131,2015-06-08,130.0,135.4
132,2015-06-09,130.0,142.6214
133,2015-06-10,130.0,112.6107
134,2015-06-11,130.0,138.6561
135,2015-06-12,130.0,114.5204
136,2015-06-15,130.0,141.4728
137,2015-06-16,130.0,129.3541
138,2015-06-17,130.0,138.6121
139,2015-06-18,130.0,123.4252
140,2015-06-19,130.0,51.9643
141,2015-06-23,130.0,59.3434
142,2015-06-24,130.0,160.3926
143,2015-06-25,130.0,165.5558
144,2015-06-26,130.0,97.5642
145,2015-06-29,130.0,143.3282
146,2015-06-30,130.0,130.0
147,2015-07-02,130.0,101.9136
148,2015-07-03,130.0,58.5407
149,2015-07-06,130.0,263.8506
150,2015-07-07,130.0,232.5584
151,2015-07-08,130.0,195.87
152,2015-07-09,130.0,164.7532
153,2015-07-10,130.0,153.6616
154,2015-07-13,130.0,145.8758
155,2015-07-14,130.0,140.4659
156,2015-07-15,130.0,132.7474
157,2015-07-16,130.0,134.5912
158,2015-07-17,130.0,127.0177
159,2015-07-20,130.0,132.7413
160,2015-07-21,130.0,134.3257
161,2015-07-22,130.0,134.3428
162,2015-07-23,130.0,125.0606
163,2015-07-24,130.0,129.91
164,2015-07-27,130.0,131.4778
165,2015-07-28,130.0,103.3481
166,2015-07-29,130.0,134.8724
167,2015-07-30,130.0,130.6112
168,2015-07-31,130.0,124.731
169,2015-08-03,130.0,151.3672
170,2015-08-04,130.0,132.7357
171,2015-08-05,130.0,129.2609
172,2015-08-06,130.0,126.522
173,2015-08-07,130.0,121.2645
174,2015-08-10,130.0,126.5835
175,2015-08-11,130.0,122.1908
176,2015-08-12,130.0,130.711
177,2015-08-13,130.0,127.0
178,2015-08-14,130.0,129.3324
179,2015-08-17,130.0,134.3582
180,2015-08-18,130.0,134.4219
181,2015-08-19,130.0,127.9788
182,2015-08-20,130.0,136.6076
183,2015-08-21,130.0,137.7417
184,2015-08-24,130.0,47.3826
185,2015-08-25,130.0,49.2914
186,2015-08-26,130.0,55.0045
187,2015-08-27,130.0,81.0091
188,2015-08-28,130.0,154.1045
189,2015-08-31,130.0,135.4494
190,2015-09-01,130.0,141.9092
191,2015-09-02,130.0,159.9744
192,2015-09-07,130.0,130.856
193,2015-09-08,130.0,84.8473
194,2015-09-09,130.0,157.6671
195,2015-09-10,130.0,98.2946
196,2015-09-11,130.0,129.3408
197,2015-09-14,130.0,136.5427
198,2015-09-15,130.0,118.8268
199,2015-09-16,130.0,110.9572
200,2015-09-17,130.0,125.9461
201,2015-09-18,130.0,103.1457
202,2015-09-21,130.0,123.4304
203,2015-09-22,130.0,129.0708
204,2015-09-23,130.0,141.4309
205,2015-09-24,130.0,138.9356
206,2015-09-25,130.0,130.0
207,2015-09-29,130.0,143.9929
208,2015-09-30,130.0,125.1959
209,2015-10-08,130.0,88.5918
210,2015-10-09,130.0,111.3075
211,2015-10-12,130.0,129.7322
212,2015-10-13,130.0,133.1284
213,2015-10-14,130.0,138.5097
214,2015-10-15,130.0,125.5231
215,2015-10-16,130.0,135.3266
216,2015-10-19,130.0,130.1327
217,2015-10-20,130.0,130.0
218,2015-10-22,130.0,142.6848
219,2015-10-23,130.0,138.7387
220,2015-10-26,130.0,139.5859
221,2015-10-27,130.0,130.8397
222,2015-10-28,130.0,139.6694
223,2015-10-29,130.0,144.8843
224,2015-10-30,130.0,141.1884
225,2015-11-02,130.0,139.6683
226,2015-11-03,130.0,138.5117
227,2015-11-04,130.0,151.9089
228,2015-11-05,130.0,168.7773
229,2015-11-06,130.0,143.5401
230,2015-11-09,130.0,142.7764
231,2015-11-10,130.0,155.5618
232,2015-11-11,130.0,156.3568
233,2015-11-12,130.0,145.3352
234,2015-11-13,130.0,130.1032
235,2015-11-16,130.0,130.0855
236,2015-11-17,130.0,133.1198
237,2015-11-18,130.0,129.3981
238,2015-11-19,130.0,130.0271
239,2015-11-20,130.0,128.8993
240,2015-11-23,130.0,129.7678
241,2015-11-24,130.0,125.7613
242,2015-11-25,130.0,128.4652
243,2015-11-26,130.0,123.2979
244,2015-11-27,130.0,127.3547
245,2015-11-30,130.0,95.3326
246,2015-12-01,130.0,122.4539
247,2015-12-02,130.0,133.307
248,2015-12-03,130.0,138.3869
249,2015-12-04,130.0,133.4853
250,2015-12-07,130.0,128.7481
251,2015-12-08,130.0,133.9127
252,2015-12-09,130.0,125.3673
253,2015-12-10,130.0,132.8109
254,2015-12-11,130.0,131.4134
255,2015-12-14,130.0,132.995
256,2015-12-15,130.0,125.8885
257,2015-12-16,130.0,134.7353
258,2015-12-17,130.0,117.0278
259,2015-12-18,130.0,130.5403
260,2015-12-21,130.0,131.1556
261,2015-12-22,130.0,134.9969
262,2015-12-23,130.0,132.1683
263,2015-12-24,130.0,130.0
264,2015-12-28,130.0,129.6537
265,2015-12-29,130.0,120.9355
266,2015-12-30,130.0,123.3559
267,2015-12-31,130.0,134.5424
268,2016-01-04,130.0,129.3702
269,2016-01-05,130.0,113.7884
270,2016-01-06,130.0,134.968
271,2016-01-07,130.0,129.7259
272,2016-01-08,130.0,127.0517
273,2016-01-11,130.0,134.5639
274,2016-01-12,130.0,136.3606
275,2016-01-13,130.0,128.0037
276,2016-01-14,130.0,130.2263
277,2016-01-15,130.0,131.0536
278,2016-01-18,130.0,126.1682
279,2016-01-19,130.0,123.9965
280,2016-01-20,130.0,135.93
281,2016-01-21,130.0,131.616
282,2016-01-22,130.0,123.8059
283,2016-01-25,130.0,127.5046
284,2016-01-26,130.0,132.3545
285,2016-01-27,130.0,85.1452
286,2016-01-28,130.0,133.4221
287,2016-01-29,130.0,113.0574
288,2016-02-01,130.0,131.9244
289,2016-02-02,130.0,129.0419
290,2016-02-03,130.0,150.5773
291,2016-02-04,130.0,124.8138
292,2016-02-05,130.0,127.5888
293,2016-02-15,130.0,128.7602
294,2016-02-16,130.0,124.6848
295,2016-02-17,130.0,130.4394
296,2016-02-18,130.0,124.7097
297,2016-02-19,130.0,126.9076
298,2016-02-22,130.0,127.8009
299,2016-02-23,130.0,124.4986
300,2016-02-24,130.0,128.7515
301,2016-02-25,130.0,127.035
302,2016-02-26,130.0,113.6036
303,2016-02-29,130.0,109.8717
304,2016-03-01,130.0,122.4349
305,2016-03-02,130.0,100.0761
306,2016-03-03,130.0,133.0783
307,2016-03-04,130.0,111.9993
308,2016-03-07,130.0,118.4749
309,2016-03-08,130.0,127.9802
310,2016-03-09,130.0,126.9241
311,2016-03-10,130.0,125.284
312,2016-03-11,130.0,117.8251
313,2016-03-14,130.0,122.9459
314,2016-03-15,130.0,128.9339
315,2016-03-16,130.0,128.9863
316,2016-03-17,130.0,109.9489
317,2016-03-18,130.0,116.6802
318,2016-03-21,130.0,129.1511
319,2016-03-22,130.0,122.3728
320,2016-03-23,130.0,127.6975
321,2016-03-24,130.0,130.0
322,2016-03-29,130.0,128.5514
323,2016-03-30,130.0,114.3348
324,2016-03-31,130.0,105.0503
325,2016-04-01,130.0,129.7675
326,2016-04-05,130.0,126.5596
327,2016-04-06,130.0,131.1674
328,2016-04-07,130.0,129.2305
329,2016-04-08,130.0,129.2947
330,2016-04-11,130.0,116.6024
331,2016-04-12,130.0,117.9328
332,2016-04-13,130.0,94.3886
333,2016-04-14,130.0,110.9276
334,2016-04-15,130.0,127.049
335,2016-04-18,130.0,136.3625
336,2016-04-19,130.0,124.5726
337,2016-04-20,130.0,140.4725
338,2016-04-21,130.0,123.0491
339,2016-04-22,130.0,127.1583
340,2016-04-25,130.0,126.9692
341,2016-04-26,130.0,123.6909
342,2016-04-27,130.0,130.2404
343,2016-04-28,130.0,128.4768
344,2016-04-29,130.0,125.1929
345,2016-05-03,130.0,119.1717
346,2016-05-04,130.0,128.5158
347,2016-05-05,130.0,131.846
348,2016-05-06,130.0,139.3436
349,2016-05-09,130.0,131.1178
350,2016-05-10,130.0,129.9639
351,2016-05-11,130.0,132.0016
352,2016-05-12,130.0,129.6749
353,2016-05-13,130.0,133.5957
354,2016-05-16,130.0,125.4267
355,2016-05-17,130.0,126.8968
356,2016-05-18,130.0,129.5
357,2016-05-19,130.0,128.7952
358,2016-05-20,130.0,123.88
359,2016-05-23,130.0,122.9422
360,2016-05-24,130.0,127.2916
361,2016-05-25,130.0,114.3441
362,2016-05-26,130.0,121.2479
363,2016-05-27,130.0,118.5076
364,2016-05-30,130.0,100.1547
365,2016-05-31,130.0,92.2901
366,2016-06-01,130.0,105.779
367,2016-06-02,130.0,117.9468
368,2016-06-03,130.0,110.6478
369,2016-06-06,130.0,122.7552
370,2016-06-07,130.0,113.3496
371,2016-06-08,130.0,127.5706
372,2016-06-13,130.0,138.7972
373,2016-06-14,130.0,130.0761
374,2016-06-15,130.0,134.7302
375,2016-06-16,130.0,135.8033
376,2016-06-17,130.0,118.3919
377,2016-06-20,130.0,127.0388
378,2016-06-21,130.0,128.1526
379,2016-06-22,130.0,119.8842
380,2016-06-23,130.0,127.7661
381,2016-06-24,130.0,148.2151
382,2016-06-27,130.0,128.6401
383,2016-06-28,130.0,127.3358
384,2016-06-29,130.0,119.0424
385,2016-06-30,130.0,130.0
386,2016-07-04,130.0,117.6753
387,2016-07-05,130.0,131.1767
388,2016-07-06,130.0,136.0281
389,2016-07-07,130.0,131.7569
390,2016-07-08,130.0,131.7453
391,2016-07-11,130.0,114.071
392,2016-07-12,130.0,111.8563
393,2016-07-13,130.0,124.4272
394,2016-07-14,130.0,122.5658
395,2016-07-15,130.0,125.4745
396,2016-07-18,130.0,122.5024
397,2016-07-19,130.0,124.1106
398,2016-07-20,130.0,126.2283
399,2016-07-21,130.0,122.4293
400,2016-07-22,130.0,126.7406
401,2016-07-25,130.0,125.0304
402,2016-07-26,130.0,124.4363
403,2016-07-27,130.0,119.255
404,2016-07-28,130.0,132.5472
405,2016-07-29,130.0,126.4422
406,2016-08-01,130.0,115.8455
407,2016-08-03,130.0,130.0
408,2016-08-04,130.0,131.3252
409,2016-08-05,130.0,122.2949
410,2016-08-08,130.0,120.1695
411,2016-08-09,130.0,113.9827
412,2016-08-10,130.0,116.8405
413,2016-08-11,130.0,119.5273
414,2016-08-12,130.0,123.8416
415,2016-08-15,130.0,121.4549
416,2016-08-16,130.0,79.8087
417,2016-08-17,130.0,112.6355
418,2016-08-18,130.0,115.1928
419,2016-08-19,130.0,123.8642
420,2016-08-22,130.0,128.2583
421,2016-08-23,130.0,125.3452
422,2016-08-24,130.0,125.5817
423,2016-08-25,130.0,124.7504
424,2016-08-26,130.0,125.4307
425,2016-08-29,130.0,128.5044
426,2016-08-30,130.0,118.4608
427,2016-08-31,130.0,124.6891
428,2016-09-01,130.0,126.0686
429,2016-09-02,130.0,129.5197
430,2016-09-05,130.0,113.1205
431,2016-09-06,130.0,117.9465
432,2016-09-07,130.0,121.6458
433,2016-09-08,130.0,117.3642
434,2016-09-09,130.0,130.6953
435,2016-09-12,130.0,152.2185
436,2016-09-13,130.0,131.077
437,2016-09-14,130.0,139.6325
438,2016-09-19,130.0,137.1323
439,2016-09-20,130.0,136.5877
440,2016-09-21,130.0,130.8526
441,2016-09-22,130.0,118.0174
442,2016-09-23,130.0,123.9662
443,2016-09-26,130.0,133.3101
444,2016-09-27,130.0,132.2157
445,2016-09-28,130.0,131.063
446,2016-09-29,130.0,124.1289
447,2016-10-11,130.0,119.5533
448,2016-10-12,130.0,135.2677
449,2016-10-13,130.0,134.6456
450,2016-10-14,130.0,119.7417
451,2016-10-17,130.0,131.4361
452,2016-10-18,130.0,122.4171
453,2016-10-19,130.0,125.8251
454,2016-10-20,130.0,124.8572
455,2016-10-24,130.0,121.3505
456,2016-10-25,130.0,120.4404
457,2016-10-26,130.0,126.9881
458,2016-10-27,130.0,135.4041
459,2016-10-28,130.0,125.8388
460,2016-10-31,130.0,127.6737
461,2016-11-01,130.0,125.3687
462,2016-11-02,130.0,139.4561
463,2016-11-03,130.0,133.5024
464,2016-11-04,130.0,131.6033
465,2016-11-07,130.0,128.9663
466,2016-11-08,130.0,126.2803
467,2016-11-09,130.0,169.9568
468,2016-11-10,130.0,113.5641
469,2016-11-11,130.0,135.8399
470,2016-11-14,130.0,131.1269
471,2016-11-15,130.0,129.4195
472,2016-11-16,130.0,122.0206
473,2016-11-17,130.0,129.7288
474,2016-11-18,130.0,130.2391
475,2016-11-21,130.0,128.2433
476,2016-11-22,130.0,116.2468
477,2016-11-23,130.0,118.3666
478,2016-11-24,130.0,120.6828
479,2016-11-25,130.0,112.345
480,2016-11-28,130.0,115.3315
481,2016-11-29,130.0,119.096
482,2016-11-30,130.0,118.2884
483,2016-12-01,130.0,119.5482
484,2016-12-02,130.0,144.3672
485,2016-12-05,130.0,143.9244
486,2016-12-06,130.0,133.966
487,2016-12-06,130.0,110.6106
488,2016-12-07,130.0,127.8383
489,2016-12-07,130.0,112.2087
490,2016-12-08,130.0,123.5444
491,2016-12-08,130.0,112.9161
492,2016-12-09,130.0,132.2345
493,2016-12-09,130.0,125.7734
494,2016-12-12,130.0,131.1729
495,2016-12-12,130.0,117.7424
496,2016-12-13,130.0,125.0659
497,2016-12-13,130.0,117.4856
498,2016-12-14,130.0,128.7445
499,2016-12-14,130.0,121.2608
500,2016-12-15,130.0,131.954
501,2016-12-15,130.0,122.4133
502,2016-12-16,130.0,126.4181
503,2016-12-16,130.0,120.6671
504,2016-12-19,130.0,139.8216
505,2016-12-19,130.0,125.1843
506,2016-12-20,130.0,156.3742
507,2016-12-20,130.0,128.3014
508,2016-12-21,130.0,131.5065
509,2016-12-21,130.0,126.3439
510,2016-12-22,130.0,138.4862
511,2016-12-22,130.0,126.0993
512,2016-12-23,130.0,130.0
513,2016-12-23,130.0,130.0
514,2016-12-28,130.0,137.8487
515,2016-12-28,130.0,126.1538
516,2016-12-29,130.0,133.2496
517,2016-12-29,130.0,126.5147
518,2016-12-30,130.0,132.0033
519,2016-12-30,130.0,126.9992
520,2017-01-03,130.0,135.8247
521,2017-01-03,130.0,123.8451
522,2017-01-04,130.0,143.4885
523,2017-01-04,130.0,123.703
524,2017-01-05,130.0,139.1234
525,2017-01-05,130.0,123.665
526,2017-01-06,130.0,151.0342
527,2017-01-06,130.0,123.5638
528,2017-01-09,130.0,138.4678
529,2017-01-09,130.0,121.1382
530,2017-01-10,130.0,135.6552
531,2017-01-10,130.0,120.4688
532,2017-01-11,130.0,121.5373
533,2017-01-11,130.0,120.7695
534,2017-01-12,130.0,123.0758
535,2017-01-12,130.0,123.9588
536,2017-01-13,130.0,123.6596
537,2017-01-13,130.0,123.7865
538,2017-01-16,130.0,142.6615
539,2017-01-16,130.0,124.4074
540,2017-01-17,130.0,123.3602
541,2017-01-17,130.0,124.1582
542,2017-01-18,130.0,121.3916
543,2017-01-19,130.0,126.6654
544,2017-01-19,130.0,121.9139
545,2017-01-20,130.0,120.7616
546,2017-01-20,130.0,121.5734
547,2017-01-23,130.0,122.801
548,2017-01-23,130.0,122.3551
549,2017-01-24,130.0,122.6544
550,2017-01-24,130.0,122.9263
551,2017-01-25,130.0,130.1115
552,2017-01-25,130.0,127.0949
553,2017-01-26,130.0,125.1849
554,2017-01-26,130.0,125.159
555,2017-02-03,130.0,123.116
556,2017-02-03,130.0,122.8351
557,2017-02-06,130.0,108.5299
558,2017-02-06,130.0,122.6027
559,2017-02-07,130.0,118.8321
560,2017-02-07,130.0,123.3078
561,2017-02-08,130.0,124.3871
562,2017-02-08,130.0,122.2394
563,2017-02-09,130.0,112.2581
564,2017-02-09,130.0,127.334
565,2017-02-10,130.0,118.8394
566,2017-02-10,130.0,123.5899
567,2017-02-13,130.0,116.977
568,2017-02-13,130.0,124.9212
569,2017-02-14,130.0,121.0319
570,2017-02-14,130.0,124.3715
571,2017-02-15,130.0,110.7864
572,2017-02-15,130.0,124.7511
573,2017-02-16,130.0,118.5106
574,2017-02-16,130.0,121.3728
575,2017-02-17,130.0,127.6337
576,2017-02-17,130.0,119.195
577,2017-02-20,130.0,116.8651
578,2017-02-20,130.0,123.1896
579,2017-02-21,130.0,123.8849
580,2017-02-21,130.0,121.4913
581,2017-02-22,130.0,125.7067
582,2017-02-22,130.0,122.0562
583,2017-02-23,130.0,125.4875
584,2017-02-23,130.0,119.0845
585,2017-02-24,130.0,126.3668
586,2017-02-24,130.0,124.2855
587,2017-02-27,130.0,128.7093
588,2017-02-27,130.0,126.1041
589,2017-02-28,130.0,130.5447
590,2017-02-28,130.0,126.6052
591,2017-03-01,130.0,124.4146
592,2017-03-01,130.0,122.9645
593,2017-03-02,130.0,130.9934
594,2017-03-02,130.0,123.9286
595,2017-03-03,130.0,132.945
596,2017-03-03,130.0,124.6214
597,2017-03-06,130.0,132.4337
598,2017-03-06,130.0,123.21
599,2017-03-07,130.0,133.5655
600,2017-03-07,130.0,121.9176
601,2017-03-08,130.0,132.6788
602,2017-03-08,130.0,125.2259
603,2017-03-09,130.0,150.7391
604,2017-03-09,130.0,127.2341
605,2017-03-10,130.0,146.0527
606,2017-03-10,130.0,121.1885
607,2017-03-13,130.0,130.7203
608,2017-03-13,130.0,120.5487
609,2017-03-14,130.0,138.3765
610,2017-03-14,130.0,130.4878
611,2017-03-15,130.0,132.8589
612,2017-03-15,130.0,122.4281
613,2017-03-16,130.0,117.0514
614,2017-03-16,130.0,123.771
615,2017-03-17,130.0,119.0361
616,2017-03-17,130.0,127.5648
617,2017-03-20,130.0,114.8236
618,2017-03-20,130.0,127.4142
619,2017-03-21,130.0,121.5511
620,2017-03-21,130.0,128.5169
621,2017-03-22,130.0,129.8757
622,2017-03-22,130.0,123.5921
623,2017-03-23,130.0,121.7731
624,2017-03-23,130.0,120.1986
625,2017-03-24,130.0,118.6872
626,2017-03-24,130.0,123.0811
627,2017-03-27,130.0,131.1284
628,2017-03-27,130.0,125.1011
629,2017-03-28,130.0,123.5014
630,2017-03-28,130.0,127.0927
631,2017-03-29,130.0,127.7714
632,2017-03-29,130.0,128.9217
633,2017-03-30,130.0,118.851
634,2017-03-30,130.0,128.4305
635,2017-03-31,130.0,131.5241
636,2017-03-31,130.0,129.7456
637,2017-04-05,130.0,122.3542
638,2017-04-05,130.0,119.2959
639,2017-04-06,130.0,130.1737
640,2017-04-06,130.0,128.3373
641,2017-04-07,130.0,129.3049
642,2017-04-07,130.0,124.2286
643,2017-04-10,130.0,128.532
644,2017-04-10,130.0,122.0174
645,2017-04-11,130.0,136.3388
646,2017-04-11,130.0,127.2902
647,2017-04-12,130.0,133.9769
648,2017-04-12,130.0,127.9779
649,2017-04-13,130.0,130.0
650,2017-04-13,130.0,130.0
651,2017-04-18,130.0,135.2727
652,2017-04-18,130.0,123.5098
653,2017-04-19,130.0,125.4931
654,2017-04-19,130.0,122.2483
655,2017-04-20,130.0,120.6994
656,2017-04-20,130.0,121.8089
657,2017-04-21,130.0,129.1853
658,2017-04-21,130.0,123.5023
659,2017-04-24,130.0,129.4955
660,2017-04-24,130.0,125.8349
661,2017-04-25,130.0,122.0042
662,2017-04-25,130.0,122.0819
663,2017-04-26,130.0,125.796
664,2017-04-26,130.0,122.7414
665,2017-04-27,130.0,127.6916
666,2017-04-27,130.0,123.2714
667,2017-04-28,130.0,122.049
668,2017-04-28,130.0,120.2793
669,2017-05-02,130.0,130.0
670,2017-05-02,130.0,130.0
671,2017-05-04,130.0,135.0046
672,2017-05-04,130.0,113.2152
673,2017-05-05,130.0,137.7365
674,2017-05-05,130.0,124.233
675,2017-05-08,130.0,135.6992
676,2017-05-08,130.0,121.1331
677,2017-05-09,130.0,118.5887
678,2017-05-09,130.0,118.5596
679,2017-05-10,130.0,118.5124
680,2017-05-10,130.0,118.6637
681,2017-05-11,130.0,115.9358
682,2017-05-11,130.0,120.392
683,2017-05-12,130.0,133.8744
684,2017-05-12,130.0,123.2361
685,2017-05-15,130.0,121.1912
686,2017-05-15,130.0,121.2397
687,2017-05-16,130.0,113.4668
688,2017-05-16,130.0,114.9121
689,2017-05-17,130.0,123.9981
690,2017-05-17,130.0,120.4556
691,2017-05-18,130.0,128.3371
692,2017-05-18,130.0,121.5546
693,2017-05-19,130.0,126.1207
694,2017-05-19,130.0,120.1715
695,2017-05-22,130.0,129.1467
696,2017-05-22,130.0,124.406
697,2017-05-23,130.0,132.7215
698,2017-05-23,130.0,123.3774
699,2017-05-24,130.0,126.4874
700,2017-05-24,130.0,121.5549
701,2017-05-25,130.0,119.2535
702,2017-05-25,130.0,124.0016
703,2017-05-26,130.0,133.0035
704,2017-05-26,130.0,126.5607
705,2017-05-31,130.0,143.3155
706,2017-05-31,130.0,132.1371
707,2017-06-01,130.0,148.7228
708,2017-06-01,130.0,127.3398
709,2017-06-02,130.0,122.9585
710,2017-06-02,130.0,119.739
711,2017-06-05,130.0,121.2882
712,2017-06-05,130.0,119.8321
713,2017-06-06,130.0,121.0663
714,2017-06-06,130.0,117.674
715,2017-06-07,130.0,124.2642
716,2017-06-07,130.0,111.9207
717,2017-06-08,130.0,119.6919
718,2017-06-08,130.0,116.0965
719,2017-06-09,130.0,120.9737
720,2017-06-09,130.0,124.3577
721,2017-06-12,130.0,140.1922
722,2017-06-12,130.0,129.0228
723,2017-06-13,130.0,130.9642
724,2017-06-13,130.0,123.027
725,2017-06-14,130.0,140.0674
726,2017-06-14,130.0,132.5804
727,2017-06-15,130.0,115.6586
728,2017-06-15,130.0,121.307
729,2017-06-16,130.0,123.4688
730,2017-06-16,130.0,125.1111
731,2017-06-19,130.0,117.9676
732,2017-06-19,130.0,118.0515
733,2017-06-20,130.0,130.9274
734,2017-06-20,130.0,125.0554
735,2017-06-21,130.0,125.2271
736,2017-06-21,130.0,119.4953
737,2017-06-22,130.0,125.0948
738,2017-06-22,130.0,117.2015
739,2017-06-23,130.0,124.1532
740,2017-06-23,130.0,119.381
741,2017-06-26,130.0,132.4657
742,2017-06-26,130.0,125.2436
743,2017-06-27,130.0,110.0608
744,2017-06-27,130.0,122.4974
745,2017-06-28,130.0,137.1581
746,2017-06-28,130.0,125.9848
747,2017-06-29,130.0,107.8345
748,2017-06-29,130.0,119.7892
749,2017-06-30,130.0,139.6052
750,2017-06-30,130.0,131.1232
751,2017-07-03,130.0,128.2074
752,2017-07-03,130.0,126.7824
753,2017-07-04,130.0,133.1119
754,2017-07-04,130.0,132.0172
755,2017-07-05,130.0,126.5898
756,2017-07-05,130.0,126.6078
757,2017-07-06,130.0,138.1195
758,2017-07-06,130.0,131.9651
759,2017-07-07,130.0,131.2794
760,2017-07-07,130.0,125.1804
761,2017-07-10,130.0,128.744
762,2017-07-10,130.0,121.0538
763,2017-07-11,130.0,128.3714
764,2017-07-11,130.0,122.4626
765,2017-07-12,130.0,123.9451
766,2017-07-12,130.0,119.2083
767,2017-07-13,130.0,122.0951
768,2017-07-13,130.0,123.4848
769,2017-07-14,130.0,130.8478
770,2017-07-14,130.0,127.3267
771,2017-07-17,130.0,129.2468
772,2017-07-17,130.0,116.2804
773,2017-07-18,130.0,118.7134
774,2017-07-18,130.0,120.3096
775,2017-07-19,130.0,122.4616
776,2017-07-19,130.0,118.9226
777,2017-07-20,130.0,131.8959
778,2017-07-20,130.0,126.0344
779,2017-07-21,130.0,126.1775
780,2017-07-21,130.0,117.815
781,2017-07-24,130.0,127.9347
782,2017-07-24,130.0,115.1335
783,2017-07-25,130.0,129.6793
784,2017-07-25,130.0,117.1086
785,2017-07-26,130.0,117.007
786,2017-07-26,130.0,124.1055
787,2017-07-27,130.0,114.8623
788,2017-07-27,130.0,116.7356
789,2017-07-28,130.0,115.3525
790,2017-07-28,130.0,120.5957
791,2017-07-31,130.0,120.611
792,2017-07-31,130.0,119.3684
793,2017-08-01,130.0,120.3126
794,2017-08-01,130.0,123.649
795,2017-08-02,130.0,128.258
796,2017-08-02,130.0,128.0293
797,2017-08-03,130.0,116.7927
798,2017-08-03,130.0,118.1598
799,2017-08-04,130.0,109.2465
800,2017-08-04,130.0,121.3147
801,2017-08-07,130.0,113.7909
802,2017-08-07,130.0,116.7638
803,2017-08-08,130.0,119.481
804,2017-08-08,130.0,121.3545
805,2017-08-09,130.0,122.5291
806,2017-08-09,130.0,124.2947
807,2017-08-10,130.0,134.369
808,2017-08-10,130.0,127.5212
809,2017-08-11,130.0,137.3244
810,2017-08-11,130.0,130.9115
811,2017-08-14,130.0,132.1159
812,2017-08-14,130.0,124.6215
813,2017-08-15,130.0,132.063
814,2017-08-15,130.0,127.7894
815,2017-08-16,130.0,127.9223
816,2017-08-16,130.0,122.8482
817,2017-08-17,130.0,130.2816
818,2017-08-17,130.0,121.8536
819,2017-08-18,130.0,129.6345
820,2017-08-18,130.0,140.1118
821,2017-08-21,130.0,131.5704
822,2017-08-21,130.0,125.6479
823,2017-08-22,130.0,132.0192
824,2017-08-22,130.0,126.9542
825,2017-08-24,130.0,122.4077
826,2017-08-24,130.0,124.0927
827,2017-08-25,130.0,112.8347
828,2017-08-25,130.0,115.48
829,2017-08-28,130.0,110.9283
830,2017-08-28,130.0,110.4058
831,2017-08-29,130.0,120.8901
832,2017-08-29,130.0,120.7877
833,2017-08-30,130.0,107.012
834,2017-08-30,130.0,118.6316
835,2017-08-31,130.0,118.0849
836,2017-08-31,130.0,122.1573
837,2017-09-01,130.0,107.2202
838,2017-09-01,130.0,109.448
839,2017-09-04,130.0,123.9334
840,2017-09-04,130.0,116.8299
841,2017-09-05,130.0,128.3732
842,2017-09-05,130.0,121.0407
843,2017-09-06,130.0,129.178
844,2017-09-06,130.0,127.9057
845,2017-09-07,130.0,127.7604
846,2017-09-07,130.0,121.9049
847,2017-09-08,130.0,132.5492
848,2017-09-08,130.0,121.7762
849,2017-09-11,130.0,111.8136
850,2017-09-11,130.0,126.9006
851,2017-09-12,130.0,111.7855
852,2017-09-12,130.0,122.4995
853,2017-09-13,130.0,132.8186
854,2017-09-13,130.0,123.6538
855,2017-09-14,130.0,132.3547
856,2017-09-14,130.0,126.125
857,2017-09-15,130.0,127.9696
858,2017-09-15,130.0,130.9938
859,2017-09-18,130.0,104.1126
860,2017-09-18,130.0,110.9402
861,2017-09-19,130.0,130.8811
862,2017-09-19,130.0,126.6941
863,2017-09-20,130.0,120.1482
864,2017-09-20,130.0,118.4238
865,2017-09-21,130.0,121.2136
866,2017-09-21,130.0,125.945
867,2017-09-22,130.0,134.4044
868,2017-09-22,130.0,119.4982
869,2017-09-25,130.0,148.3449
870,2017-09-25,130.0,128.4259
871,2017-09-26,130.0,131.0116
872,2017-09-26,130.0,127.8834
873,2017-09-27,130.0,131.4222
874,2017-09-27,130.0,121.2374
875,2017-09-28,130.0,131.5817
876,2017-09-28,130.0,131.3814
877,2017-09-29,130.0,125.4452
878,2017-09-29,130.0,122.2198
879,2017-10-09,130.0,82.8516
880,2017-10-09,130.0,100.3159
881,2017-10-10,130.0,105.3471
882,2017-10-10,130.0,112.4573
883,2017-10-11,130.0,124.0233
884,2017-10-11,130.0,118.5275
885,2017-10-12,130.0,134.0739
886,2017-10-12,130.0,121.0646
887,2017-10-13,130.0,136.7375
888,2017-10-13,130.0,119.1587
889,2017-10-16,130.0,126.3601
890,2017-10-16,130.0,117.9149
891,2017-10-17,130.0,127.8145
892,2017-10-17,130.0,114.0769
893,2017-10-18,130.0,136.5093
894,2017-10-18,130.0,127.7653
895,2017-10-19,130.0,130.9461
896,2017-10-19,130.0,128.323
897,2017-10-20,130.0,131.2589
898,2017-10-20,130.0,129.0909
899,2017-10-23,130.0,141.8363
900,2017-10-23,130.0,131.9019
901,2017-10-24,130.0,152.0721
902,2017-10-24,130.0,139.4346
903,2017-10-25,130.0,127.1263
904,2017-10-25,130.0,126.7187
905,2017-10-26,130.0,115.5417
906,2017-10-26,130.0,127.5834
907,2017-10-27,130.0,128.7255
908,2017-10-27,130.0,127.8461
909,2017-10-30,130.0,142.5625
910,2017-10-30,130.0,127.6017
911,2017-10-31,130.0,140.4081
912,2017-10-31,130.0,123.0919
913,2017-11-01,130.0,113.7707
914,2017-11-01,130.0,119.4696
915,2017-11-02,130.0,121.0771
916,2017-11-02,130.0,122.2082
917,2017-11-03,130.0,131.8907
918,2017-11-03,130.0,124.6624
919,2017-11-06,130.0,130.2287
920,2017-11-06,130.0,123.4443
921,2017-11-07,130.0,120.3015
922,2017-11-07,130.0,123.3324
923,2017-11-08,130.0,119.2002
924,2017-11-08,130.0,120.8492
925,2017-11-09,130.0,112.5663
926,2017-11-09,130.0,115.8619
927,2017-11-10,130.0,127.8516
928,2017-11-10,130.0,128.2505
929,2017-11-13,130.0,128.0613
930,2017-11-13,130.0,124.5993
931,2017-11-14,130.0,130.0819
932,2017-11-14,130.0,125.5608
933,2017-11-15,130.0,141.5729
934,2017-11-15,130.0,137.8759
935,2017-11-16,130.0,130.0362
936,2017-11-16,130.0,123.8506
937,2017-11-17,130.0,153.3754
938,2017-11-17,130.0,120.3567
939,2017-11-20,130.0,145.0328
940,2017-11-20,130.0,122.2535
941,2017-11-21,130.0,134.351
942,2017-11-21,130.0,131.0255
943,2017-11-22,130.0,126.3165
944,2017-11-22,130.0,128.3067
945,2017-11-23,130.0,109.0096
946,2017-11-23,130.0,130.7543
947,2017-11-24,130.0,120.5577
948,2017-11-24,130.0,129.5834
949,2017-11-27,130.0,137.0199
950,2017-11-27,130.0,135.7546
951,2017-11-28,130.0,108.9946
952,2017-11-28,130.0,116.2982
953,2017-11-29,130.0,119.8543
954,2017-11-29,130.0,125.76
955,2017-11-30,130.0,131.9965
956,2017-11-30,130.0,134.6795
957,2017-12-01,130.0,117.9135
958,2017-12-01,130.0,108.6718
959,2017-12-04,130.0,133.0219
960,2017-12-04,130.0,127.2137
961,2017-12-05,130.0,157.1491
962,2017-12-05,130.0,134.1715
963,2017-12-06,130.0,168.3348
964,2017-12-06,130.0,130.1979
965,2017-12-07,130.0,138.504
966,2017-12-07,130.0,136.2471
967,2017-12-08,130.0,100.7592
968,2017-12-08,130.0,119.3485
969,2017-12-11,130.0,119.3399
970,2017-12-11,130.0,124.0257
971,2017-12-12,130.0,134.8624
972,2017-12-12,130.0,131.7295
973,2017-12-13,130.0,108.3969
974,2017-12-13,130.0,121.4257
975,2017-12-14,130.0,127.52
976,2017-12-14,130.0,125.3872
977,2017-12-15,130.0,140.6452
978,2017-12-15,130.0,144.5853
979,2017-12-18,130.0,114.5557
980,2017-12-18,130.0,125.5774
981,2017-12-19,130.0,120.9141
982,2017-12-19,130.0,121.9841
983,2017-12-20,130.0,135.1713
984,2017-12-20,130.0,132.8183
985,2017-12-21,130.0,122.6048
986,2017-12-21,130.0,123.7604
987,2017-12-22,130.0,130.0
988,2017-12-22,130.0,130.0
989,2017-12-27,130.0,122.0181
990,2017-12-27,130.0,128.6988
991,2017-12-28,130.0,114.0783
992,2017-12-28,130.0,115.3587
993,2017-12-29,130.0,121.2905
994,2017-12-29,130.0,122.3012
995,2018-01-02,130.0,108.8678
996,2018-01-02,130.0,116.001
997,2018-01-03,130.0,103.0765
998,2018-01-03,130.0,110.6262
999,2018-01-04,130.0,101.8338
1000,2018-01-04,130.0,112.9705
1001,2018-01-05,130.0,119.6233
1002,2018-01-05,130.0,114.3201
1003,2018-01-08,130.0,122.5526
1004,2018-01-08,130.0,118.1926
1005,2018-01-09,130.0,115.2789
1006,2018-01-09,130.0,113.9601
1007,2018-01-10,130.0,115.9238
1008,2018-01-10,130.0,126.8044
1009,2018-01-11,130.0,130.7703
1010,2018-01-11,130.0,126.8743
1011,2018-01-12,130.0,114.0774
1012,2018-01-12,130.0,123.0665
1013,2018-01-15,130.0,146.4893
1014,2018-01-15,130.0,129.9127
1015,2018-01-16,130.0,120.5145
1016,2018-01-16,130.0,114.1202
1017,2018-01-17,130.0,132.9326
1018,2018-01-17,130.0,133.5091
1019,2018-01-18,130.0,116.4001
1020,2018-01-18,130.0,123.6625
1021,2018-01-22,130.0,118.5289
1022,2018-01-22,130.0,117.6293
1023,2018-01-23,130.0,104.9069
1024,2018-01-23,130.0,126.514
1025,2018-01-24,130.0,135.4984
1026,2018-01-24,130.0,120.2021
1027,2018-01-25,130.0,115.0997
1028,2018-01-25,130.0,120.1568
1029,2018-01-26,130.0,109.6168
1030,2018-01-26,130.0,118.5673
1031,2018-01-29,130.0,134.3001
1032,2018-01-29,130.0,132.8318
1033,2018-01-30,130.0,131.6952
1034,2018-01-30,130.0,122.987
1035,2018-01-31,130.0,132.0856
1036,2018-01-31,130.0,126.4382
1037,2018-02-01,130.0,137.8448
1038,2018-02-01,130.0,117.8647
1039,2018-02-02,130.0,141.5928
1040,2018-02-02,130.0,118.2527
1041,2018-02-05,130.0,164.3179
1042,2018-02-05,130.0,128.3428
1043,2018-02-06,130.0,203.6615
1044,2018-02-06,130.0,152.9803
1045,2018-02-07,130.0,131.5869
1046,2018-02-07,130.0,110.3882
1047,2018-02-08,130.0,116.5167
1048,2018-02-08,130.0,112.8745
1049,2018-02-09,130.0,150.0078
1050,2018-02-09,130.0,134.6729
1051,2018-02-12,130.0,142.2233
1052,2018-02-12,130.0,128.9045
1053,2018-02-13,130.0,129.6173
1054,2018-02-13,130.0,138.3946
1055,2018-02-14,130.0,125.4936
1056,2018-02-14,130.0,121.9757
1057,2018-02-22,130.0,118.7357
1058,2018-02-22,130.0,115.9993
1059,2018-02-23,130.0,117.6059
1060,2018-02-23,130.0,123.1298
1061,2018-02-26,130.0,109.0388
1062,2018-02-26,130.0,117.0236
1063,2018-02-27,130.0,112.9845
1064,2018-02-27,130.0,120.0667
1065,2018-02-28,130.0,135.9968
1066,2018-02-28,130.0,127.5467
1067,2018-03-01,130.0,124.4718
1068,2018-03-01,130.0,121.6845
1069,2018-03-02,130.0,138.3019
1070,2018-03-02,130.0,131.1978
1071,2018-03-05,130.0,142.337
1072,2018-03-05,130.0,130.5499
1073,2018-03-06,130.0,122.8122
1074,2018-03-06,130.0,125.8031
1075,2018-03-07,130.0,146.8295
1076,2018-03-07,130.0,137.8325
1077,2018-03-08,130.0,108.562
1078,2018-03-08,130.0,121.5769
1079,2018-03-09,130.0,119.0318
1080,2018-03-09,130.0,125.5567
1081,2018-03-12,130.0,110.3843
1082,2018-03-12,130.0,124.2636
1083,2018-03-13,130.0,115.8509
1084,2018-03-13,130.0,129.0826
1085,2018-03-14,130.0,125.8307
1086,2018-03-14,130.0,126.8002
1087,2018-03-15,130.0,119.9297
1088,2018-03-15,130.0,124.6082
1089,2018-03-16,130.0,140.352
1090,2018-03-16,130.0,138.601
1091,2018-03-19,130.0,125.1925
1092,2018-03-19,130.0,124.5894
1093,2018-03-20,130.0,135.1786
1094,2018-03-20,130.0,131.9558
1095,2018-03-21,130.0,131.6046
1096,2018-03-21,130.0,122.1948
1097,2018-03-22,130.0,128.307
1098,2018-03-22,130.0,126.9462
1099,2018-03-23,130.0,143.3268
1100,2018-03-23,130.0,132.7857
1101,2018-03-26,130.0,108.5333
1102,2018-03-26,130.0,111.0598
1103,2018-03-27,130.0,112.9819
1104,2018-03-27,130.0,135.3111
1105,2018-03-28,130.0,120.5252
1106,2018-03-28,130.0,131.3806
1107,2018-04-03,130.0,105.3701
1108,2018-04-03,130.0,124.3942
1109,2018-04-04,130.0,121.8371
1110,2018-04-04,130.0,123.3409
1111,2018-04-09,130.0,105.9875
1112,2018-04-09,130.0,120.1451
1113,2018-04-10,130.0,103.5965
1114,2018-04-10,130.0,121.5452
1115,2018-04-11,130.0,127.5184
1116,2018-04-11,130.0,121.5751
1117,2018-04-12,130.0,114.6367
1118,2018-04-12,130.0,116.3428
1119,2018-04-13,130.0,119.9228
1120,2018-04-13,130.0,115.9936
1121,2018-04-16,130.0,116.0546
1122,2018-04-16,130.0,116.7749
1123,2018-04-17,130.0,118.4336
1124,2018-04-17,130.0,133.7851
1125,2018-04-18,130.0,89.5907
1126,2018-04-18,130.0,96.9834
1127,2018-04-19,130.0,94.9085
1128,2018-04-19,130.0,111.3257
1129,2018-04-20,130.0,137.5389
1130,2018-04-20,130.0,132.9536
1131,2018-04-23,130.0,115.4643
1132,2018-04-23,130.0,120.2298
1133,2018-04-24,130.0,105.7177
1134,2018-04-24,130.0,114.2901
1135,2018-04-25,130.0,119.3204
1136,2018-04-25,130.0,125.9291
1137,2018-04-26,130.0,128.3795
1138,2018-04-26,130.0,161.9804
1139,2018-04-27,130.0,101.196
1140,2018-04-27,130.0,132.0202
1141,2018-05-02,520.0,496.087
1142,2018-05-02,520.0,496.6189
1143,2018-05-03,520.0,514.5528
1144,2018-05-03,520.0,519.0867
1145,2018-05-04,520.0,524.0924
1146,2018-05-04,520.0,527.8707
1147,2018-05-07,520.0,502.8537
1148,2018-05-07,520.0,508.6402
1149,2018-05-08,520.0,505.1183
1150,2018-05-08,520.0,514.0032
1151,2018-05-09,520.0,511.6488
1152,2018-05-09,520.0,505.5087
1153,2018-05-10,520.0,501.604
1154,2018-05-10,520.0,506.6528
1155,2018-05-11,520.0,498.3604
1156,2018-05-11,520.0,515.1579
1157,2018-05-14,520.0,485.2028
1158,2018-05-14,520.0,496.3569
1159,2018-05-15,520.0,504.327
1160,2018-05-15,520.0,497.5896
1161,2018-05-16,520.0,517.5839
1162,2018-05-16,520.0,510.3384
1163,2018-05-17,520.0,506.5807
1164,2018-05-17,520.0,509.6435
1165,2018-05-18,520.0,495.1425
1166,2018-05-18,520.0,508.5731
1167,2018-05-23,520.0,511.4036
1168,2018-05-23,520.0,504.9647
1169,2018-05-24,520.0,511.853
1170,2018-05-24,520.0,506.3543
1171,2018-05-25,520.0,504.8778
1172,2018-05-25,520.0,513.2949
1173,2018-05-28,520.0,496.9332
1174,2018-05-28,520.0,502.5963
1175,2018-05-29,520.0,517.1963
1176,2018-05-29,520.0,507.3197
1177,2018-05-30,520.0,522.9522
1178,2018-05-30,520.0,502.9109
1179,2018-05-31,520.0,483.7392
1180,2018-05-31,520.0,489.9683
1181,2018-06-01,520.0,504.5762
1182,2018-06-01,520.0,512.582
1183,2018-06-04,520.0,483.8662
1184,2018-06-04,520.0,493.5447
1185,2018-06-05,520.0,506.9152
1186,2018-06-05,520.0,493.3402
1187,2018-06-06,520.0,502.7306
1188,2018-06-06,520.0,509.1464
1189,2018-06-07,520.0,495.2946
1190,2018-06-07,520.0,501.7166
1191,2018-06-08,520.0,527.544
1192,2018-06-08,520.0,504.1361
1193,2018-06-11,520.0,490.3123
1194,2018-06-11,520.0,505.4896
1195,2018-06-12,520.0,508.9645
1196,2018-06-12,520.0,504.0019
1197,2018-06-13,520.0,512.1494
1198,2018-06-13,520.0,512.6225
1199,2018-06-14,520.0,500.687
1200,2018-06-14,520.0,510.0663
1201,2018-06-15,520.0,497.4257
1202,2018-06-15,520.0,513.9684
1203,2018-06-19,520.0,539.7998
1204,2018-06-19,520.0,520.09
1205,2018-06-20,520.0,522.1558
1206,2018-06-20,520.0,508.6218
1207,2018-06-21,520.0,515.7294
1208,2018-06-21,520.0,532.6126
1209,2018-06-22,520.0,521.051
1210,2018-06-22,520.0,516.6655
1211,2018-06-25,520.0,543.8296
1212,2018-06-25,520.0,532.9453
1213,2018-06-26,520.0,503.9222
1214,2018-06-26,520.0,509.8323
1215,2018-06-27,520.0,519.9683
1216,2018-06-27,520.0,531.6211
1217,2018-06-28,520.0,497.0129
1218,2018-06-28,520.0,533.4338
1219,2018-07-03,520.0,502.5013
1220,2018-07-03,520.0,531.9619
1221,2018-07-04,520.0,522.5526
1222,2018-07-04,520.0,530.4293
1223,2018-07-05,520.0,501.8743
1224,2018-07-05,520.0,514.5895
1225,2018-07-06,520.0,492.2918
1226,2018-07-06,520.0,502.0274
1227,2018-07-09,520.0,495.2607
1228,2018-07-09,520.0,508.2669
1229,2018-07-10,520.0,514.8595
1230,2018-07-10,520.0,517.3767
1231,2018-07-11,520.0,517.3804
1232,2018-07-11,520.0,523.392
1233,2018-07-12,520.0,503.0438
1234,2018-07-12,520.0,517.3044
1235,2018-07-13,520.0,514.0062
1236,2018-07-13,520.0,513.4193
1237,2018-07-16,520.0,524.57
1238,2018-07-16,520.0,515.124
1239,2018-07-17,520.0,520.9032
1240,2018-07-17,520.0,524.0424
1241,2018-07-18,520.0,518.732
1242,2018-07-18,520.0,521.1183
1243,2018-07-19,520.0,501.6859
1244,2018-07-19,520.0,511.256
1245,2018-07-20,520.0,513.9367
1246,2018-07-20,520.0,502.8823
1247,2018-07-23,520.0,522.7996
1248,2018-07-23,520.0,516.6518
1249,2018-07-24,520.0,502.5112
1250,2018-07-24,520.0,509.4648
1251,2018-07-25,520.0,505.2971
1252,2018-07-25,520.0,516.8873
1253,2018-07-26,520.0,508.8672
1254,2018-07-26,520.0,525.6747
1255,2018-07-27,520.0,498.1716
1256,2018-07-27,520.0,514.6694
1257,2018-07-30,520.0,494.6346
1258,2018-07-30,520.0,518.5376
1259,2018-07-31,520.0,500.7628
1260,2018-07-31,520.0,506.5452
1261,2018-08-01,520.0,514.5564
1262,2018-08-01,520.0,514.5721
1263,2018-08-02,520.0,511.2503
1264,2018-08-02,520.0,522.1665
1265,2018-08-03,520.0,524.3699
1266,2018-08-03,520.0,509.1193
1267,2018-08-06,520.0,505.0369
1268,2018-08-06,520.0,503.2706
1269,2018-08-07,520.0,498.5915
1270,2018-08-07,520.0,509.2018
1271,2018-08-08,520.0,510.3732
1272,2018-08-08,520.0,512.0006
1273,2018-08-09,520.0,485.1621
1274,2018-08-09,520.0,500.2321
1275,2018-08-10,520.0,521.4676
1276,2018-08-10,520.0,516.5905
1277,2018-08-13,520.0,520.655
1278,2018-08-13,520.0,523.87
1279,2018-08-14,520.0,522.4605
1280,2018-08-14,520.0,529.6003
1281,2018-08-15,520.0,527.8851
1282,2018-08-15,520.0,526.3275
1283,2018-08-16,520.0,504.5733
1284,2018-08-16,520.0,512.2108
1285,2018-08-17,520.0,519.6769
1286,2018-08-17,520.0,515.3201
1287,2018-08-20,520.0,479.9147
1288,2018-08-20,520.0,501.5964
1289,2018-08-21,520.0,501.7407
1290,2018-08-21,520.0,507.8444
1291,2018-08-22,520.0,500.5655
1292,2018-08-22,520.0,517.4286
1293,2018-08-23,520.0,510.9806
1294,2018-08-23,520.0,514.3404
1295,2018-08-24,520.0,522.3493
1296,2018-08-24,520.0,517.9226
1297,2018-08-27,520.0,510.6026
1298,2018-08-27,520.0,503.7616
1299,2018-08-28,520.0,513.8717
1300,2018-08-28,520.0,510.2634
1301,2018-08-29,520.0,502.0278
1302,2018-08-29,520.0,515.8029
1303,2018-08-30,520.0,515.3702
1304,2018-08-30,520.0,517.2567
1305,2018-08-31,520.0,490.9336
1306,2018-08-31,520.0,506.9731
1307,2018-09-03,520.0,521.7736
1308,2018-09-03,520.0,514.1729
1309,2018-09-04,520.0,509.5948
1310,2018-09-04,520.0,514.9188
1311,2018-09-05,520.0,543.5934
1312,2018-09-05,520.0,526.59
1313,2018-09-06,520.0,509.7813
1314,2018-09-06,520.0,520.4738
1315,2018-09-07,520.0,520.05
1316,2018-09-07,520.0,521.2392
1317,2018-09-10,520.0,522.6806
1318,2018-09-10,520.0,522.1336
1319,2018-09-11,520.0,523.946
1320,2018-09-11,520.0,514.7845
1321,2018-09-12,520.0,527.5537
1322,2018-09-12,520.0,521.8072
1323,2018-09-13,520.0,497.9068
1324,2018-09-13,520.0,513.3994
1325,2018-09-14,520.0,503.687
1326,2018-09-14,520.0,507.0512
1327,2018-09-17,520.0,520.6111
1328,2018-09-17,520.0,511.3908
1329,2018-09-18,520.0,503.0901
1330,2018-09-18,520.0,516.0132
1331,2018-09-19,520.0,512.2141
1332,2018-09-19,520.0,518.406
1333,2018-09-20,520.0,483.4205
1334,2018-09-20,520.0,506.846
1335,2018-09-26,520.0,505.6019
1336,2018-09-26,520.0,513.9599
1337,2018-09-27,520.0,492.3987
1338,2018-09-27,520.0,516.0616
1339,2018-09-28,520.0,512.9903
1340,2018-09-28,520.0,509.473
1341,2018-10-08,520.0,593.0785
1342,2018-10-08,520.0,542.9625
1343,2018-10-09,520.0,542.2659
1344,2018-10-09,520.0,526.8817
1345,2018-10-10,520.0,531.4888
1346,2018-10-10,520.0,523.4845
1347,2018-10-11,520.0,541.6825
1348,2018-10-11,520.0,533.4863
1349,2018-10-12,520.0,513.8111
1350,2018-10-12,520.0,513.5952
1351,2018-10-15,520.0,533.0997
1352,2018-10-15,520.0,516.7155
1353,2018-10-18,520.0,527.5484
1354,2018-10-18,520.0,517.1682
1355,2018-10-19,520.0,483.9294
1356,2018-10-19,520.0,510.732
1357,2018-10-22,520.0,528.1602
1358,2018-10-22,520.0,516.5912
1359,2018-10-23,520.0,517.0477
1360,2018-10-23,520.0,525.3438
1361,2018-10-24,520.0,497.7128
1362,2018-10-24,520.0,525.9849
1363,2018-10-25,520.0,545.6585
1364,2018-10-25,520.0,528.0658
1365,2018-10-26,520.0,528.0935
1366,2018-10-26,520.0,527.5083
1367,2018-10-29,520.0,492.6756
1368,2018-10-29,520.0,518.2932
1369,2018-10-30,520.0,506.8173
1370,2018-10-30,520.0,526.0545
1371,2018-10-31,520.0,474.2681
1372,2018-10-31,520.0,505.511
1373,2018-11-01,520.0,462.3938
1374,2018-11-01,520.0,490.7135
1375,2018-11-02,520.0,406.7791
1376,2018-11-02,520.0,454.2144
1377,2018-11-05,520.0,513.2177
1378,2018-11-05,520.0,514.9073
1379,2018-11-06,520.0,525.4746
1380,2018-11-06,520.0,529.5279
1381,2018-11-07,520.0,501.584
1382,2018-11-07,520.0,515.4879
1383,2018-11-08,520.0,485.6028
1384,2018-11-08,520.0,513.4835
1385,2018-11-09,520.0,519.1787
1386,2018-11-09,520.0,516.9764
1387,2018-11-12,520.0,510.4919
1388,2018-11-12,520.0,515.1903
1389,2018-11-13,520.0,506.2284
1390,2018-11-13,520.0,507.032
1391,2018-11-14,520.0,524.5887
1392,2018-11-14,520.0,521.9374
1393,2018-11-15,520.0,495.3568
1394,2018-11-15,520.0,516.4805
1395,2018-11-16,520.0,509.4316
1396,2018-11-16,520.0,507.8826
1397,2018-11-19,520.0,506.6044
1398,2018-11-19,520.0,514.2538
1399,2018-11-20,520.0,538.9758
1400,2018-11-20,520.0,529.1743
1401,2018-11-21,520.0,514.0876
1402,2018-11-21,520.0,513.1345
1403,2018-11-22,520.0,523.606
1404,2018-11-22,520.0,520.1558
1405,2018-11-23,520.0,520.7422
1406,2018-11-23,520.0,526.697
1407,2018-11-26,520.0,501.6421
1408,2018-11-26,520.0,511.627
1409,2018-11-27,520.0,516.3254
1410,2018-11-27,520.0,519.4653
1411,2018-11-28,520.0,499.3241
1412,2018-11-28,520.0,511.9116
1413,2018-11-29,520.0,505.306
1414,2018-11-29,520.0,521.818
1415,2018-11-30,520.0,477.4844
1416,2018-11-30,520.0,503.2339
1417,2018-12-03,520.0,430.9916
1418,2018-12-03,520.0,482.8146
1419,2018-12-04,520.0,485.421
1420,2018-12-04,520.0,508.9495
1421,2018-12-05,520.0,507.9835
1422,2018-12-05,520.0,520.6317
1423,2018-12-06,520.0,544.6469
1424,2018-12-06,520.0,535.3263
1425,2018-12-07,520.0,523.5428
1426,2018-12-07,520.0,518.901
1427,2018-12-10,520.0,535.9483
1428,2018-12-10,520.0,519.5727
1429,2018-12-11,520.0,518.3944
1430,2018-12-11,520.0,516.3441
1431,2018-12-12,520.0,506.7014
1432,2018-12-12,520.0,518.5629
1433,2018-12-13,520.0,483.4968
1434,2018-12-13,520.0,487.5909
1435,2018-12-14,520.0,523.0132
1436,2018-12-14,520.0,526.4837
1437,2018-12-17,520.0,508.179
1438,2018-12-17,520.0,516.5085
1439,2018-12-18,520.0,535.2641
1440,2018-12-18,520.0,532.5215
1441,2018-12-19,520.0,521.1425
1442,2018-12-19,520.0,524.0745
1443,2018-12-20,520.0,528.241
1444,2018-12-20,520.0,521.4282
1445,2018-12-21,520.0,512.5148
1446,2018-12-21,520.0,526.0098
1447,2018-12-27,520.0,508.5577
1448,2018-12-27,520.0,524.5079
1449,2018-12-28,520.0,497.2048
1450,2018-12-28,520.0,518.0842
1451,2019-01-02,520.0,512.7481
1452,2019-01-02,520.0,521.9247
1453,2019-01-03,520.0,512.593
1454,2019-01-03,520.0,517.378
1455,2019-01-04,520.0,523.5003
1456,2019-01-04,520.0,511.8718
1457,2019-01-07,520.0,509.2605
1458,2019-01-07,520.0,512.1014
1459,2019-01-08,520.0,508.2317
1460,2019-01-08,520.0,515.5503
1461,2019-01-09,520.0,479.8243
1462,2019-01-09,520.0,490.205
1463,2019-01-10,520.0,510.0671
1464,2019-01-10,520.0,511.071
1465,2019-01-11,520.0,490.4066
1466,2019-01-11,520.0,504.6389
1467,2019-01-14,520.0,531.009
1468,2019-01-14,520.0,523.8758
1469,2019-01-15,520.0,488.9744
1470,2019-01-15,520.0,496.531
1471,2019-01-16,520.0,497.5355
1472,2019-01-16,520.0,514.4915
1473,2019-01-17,520.0,503.0469
1474,2019-01-17,520.0,508.8982
1475,2019-01-18,520.0,466.6259
1476,2019-01-18,520.0,484.9427
1477,2019-01-21,520.0,509.1999
1478,2019-01-21,520.0,495.6483
1479,2019-01-22,520.0,526.5211
1480,2019-01-22,520.0,524.5857
1481,2019-01-23,520.0,505.9983
1482,2019-01-23,520.0,513.3087
1483,2019-01-24,520.0,504.1522
1484,2019-01-24,520.0,508.2971
1485,2019-01-25,520.0,497.7321
1486,2019-01-25,520.0,504.7121
1487,2019-01-28,520.0,496.5008
1488,2019-01-28,520.0,491.5838
1489,2019-01-29,520.0,505.0664
1490,2019-01-29,520.0,507.9318
1491,2019-01-30,520.0,517.912
1492,2019-01-30,520.0,509.398
1493,2019-01-31,520.0,464.8379
1494,2019-01-31,520.0,485.1595
1495,2019-02-01,520.0,490.3118
1496,2019-02-01,520.0,490.6733
1497,2019-02-11,520.0,503.4249
1498,2019-02-11,520.0,486.8943
1499,2019-02-12,520.0,492.211
1500,2019-02-12,520.0,490.8514
1501,2019-02-13,520.0,465.4001
1502,2019-02-13,520.0,484.3213
1503,2019-02-14,520.0,486.7618
1504,2019-02-14,520.0,492.5214
1505,2019-02-15,520.0,510.8035
1506,2019-02-15,520.0,503.1011
1507,2019-02-18,520.0,495.9939
1508,2019-02-18,520.0,492.1806
1509,2019-02-19,520.0,505.8189
1510,2019-02-19,520.0,515.3287
1511,2019-02-20,520.0,487.7143
1512,2019-02-20,520.0,500.5001
1513,2019-02-21,520.0,502.8144
1514,2019-02-21,520.0,510.6852
1515,2019-02-22,520.0,480.349
1516,2019-02-22,520.0,493.9036
1517,2019-02-25,520.0,540.8944
1518,2019-02-25,520.0,499.7396
1519,2019-02-26,520.0,509.8903
1520,2019-02-26,520.0,506.8095
1521,2019-02-27,520.0,487.8488
1522,2019-02-27,520.0,499.5812
1523,2019-02-28,520.0,503.9652
1524,2019-02-28,520.0,503.473
1525,2019-03-01,520.0,507.4309
1526,2019-03-01,520.0,498.4395
1527,2019-03-04,520.0,525.8444
1528,2019-03-04,520.0,474.364
1529,2019-03-05,520.0,498.1124
1530,2019-03-05,520.0,494.8877
1531,2019-03-06,520.0,524.7867
1532,2019-03-06,520.0,517.3578
1533,2019-03-07,520.0,542.5622
1534,2019-03-07,520.0,532.3562
1535,2019-03-08,520.0,540.5311
1536,2019-03-08,520.0,508.0069
1537,2019-03-11,520.0,525.1947
1538,2019-03-11,520.0,530.1858
1539,2019-03-12,520.0,510.5407
1540,2019-03-12,520.0,516.0533
1541,2019-03-13,520.0,522.58
1542,2019-03-13,520.0,537.1963
1543,2019-03-14,520.0,505.9772
1544,2019-03-14,520.0,506.0687
1545,2019-03-15,520.0,496.1057
1546,2019-03-15,520.0,515.3244
1547,2019-03-18,520.0,483.8107
1548,2019-03-18,520.0,516.2225
1549,2019-03-19,520.0,518.0048
1550,2019-03-19,520.0,534.2737
1551,2019-03-20,520.0,508.1671
1552,2019-03-20,520.0,528.4138
1553,2019-03-21,520.0,528.3294
1554,2019-03-21,520.0,517.7209
1555,2019-03-22,520.0,517.9119
1556,2019-03-22,520.0,530.2345
1557,2019-03-25,520.0,593.0474
1558,2019-03-25,520.0,550.8149
1559,2019-03-26,520.0,507.8437
1560,2019-03-26,520.0,518.6111
1561,2019-03-27,520.0,515.0954
1562,2019-03-27,520.0,524.9384
1563,2019-03-28,520.0,528.8872
1564,2019-03-28,520.0,522.321
1565,2019-03-29,520.0,449.2306
1566,2019-03-29,520.0,473.3301
1567,2019-04-01,520.0,514.3566
1568,2019-04-01,520.0,488.7552
1569,2019-04-02,520.0,514.0389
1570,2019-04-02,520.0,522.3031
1571,2019-04-03,520.0,498.6392
1572,2019-04-03,520.0,505.5773
1573,2019-04-04,520.0,517.1787
1574,2019-04-04,520.0,531.4156
1575,2019-04-08,520.0,536.7936
1576,2019-04-08,520.0,541.0923
1577,2019-04-09,520.0,511.5899
1578,2019-04-09,520.0,516.464
1579,2019-04-10,520.0,520.277
1580,2019-04-10,520.0,547.7501
1581,2019-04-11,520.0,534.727
1582,2019-04-11,520.0,542.154
1583,2019-04-12,520.0,517.2228
1584,2019-04-12,520.0,522.0804
1585,2019-04-15,520.0,526.8243
1586,2019-04-15,520.0,530.9511
1587,2019-04-16,520.0,497.7357
1588,2019-04-16,520.0,501.1218
1589,2019-04-17,520.0,519.7647
1590,2019-04-17,520.0,534.1993
1591,2019-04-23,520.0,552.7041
1592,2019-04-23,520.0,546.9764
1593,2019-04-24,520.0,539.3957
1594,2019-04-24,520.0,529.8319
1595,2019-04-25,520.0,523.1047
1596,2019-04-25,520.0,528.9996
1597,2019-04-26,520.0,535.903
1598,2019-04-26,520.0,509.9746
1599,2019-04-29,520.0,478.8745
1600,2019-04-29,520.0,510.4479
1601,2019-04-30,520.0,521.5549
1602,2019-04-30,520.0,519.0907
1603,2019-05-06,520.0,550.7191
1604,2019-05-06,520.0,541.1604
1605,2019-05-07,520.0,539.9638
1606,2019-05-07,520.0,507.6341
1607,2019-05-08,520.0,570.313
1608,2019-05-08,520.0,515.8772
1609,2019-05-09,520.0,561.5832
1610,2019-05-09,520.0,531.9498
1611,2019-05-14,520.0,589.9874
1612,2019-05-14,520.0,555.8853
1613,2019-05-15,520.0,514.8819
1614,2019-05-15,520.0,512.1638
1615,2019-05-16,520.0,543.2187
1616,2019-05-16,520.0,525.8609
1617,2019-05-17,520.0,552.249
1618,2019-05-17,520.0,539.4998
1619,2019-05-20,520.0,532.4548
1620,2019-05-20,520.0,527.9495
1621,2019-05-21,520.0,538.8523
1622,2019-05-21,520.0,535.4332
1623,2019-05-22,520.0,530.7676
1624,2019-05-22,520.0,551.4321
1625,2019-05-23,520.0,533.5098
1626,2019-05-23,520.0,545.2815
1627,2019-05-24,520.0,517.2252
1628,2019-05-24,520.0,536.521
1629,2019-05-27,520.0,528.6999
1630,2019-05-27,520.0,526.1949
1631,2019-05-28,520.0,460.6805
1632,2019-05-28,520.0,504.411
1633,2019-05-29,520.0,546.4721
1634,2019-05-29,520.0,523.5239
1635,2019-05-30,520.0,516.6232
1636,2019-05-30,520.0,527.0886
1637,2019-05-31,520.0,523.7416
1638,2019-05-31,520.0,519.4469
1639,2019-06-03,520.0,479.299
1640,2019-06-03,520.0,513.7793
1641,2019-06-04,520.0,507.3144
1642,2019-06-04,520.0,519.6392
1643,2019-06-05,520.0,495.9396
1644,2019-06-05,520.0,511.3913
1645,2019-06-06,520.0,503.7679
1646,2019-06-06,520.0,523.0917
1647,2019-06-10,520.0,468.4189
1648,2019-06-10,520.0,489.0363
1649,2019-06-11,520.0,480.1054
1650,2019-06-11,520.0,486.1906
1651,2019-06-12,520.0,498.8352
1652,2019-06-12,520.0,518.585
1653,2019-06-13,520.0,506.0915
1654,2019-06-13,520.0,519.6031
1655,2019-06-14,520.0,510.8638
1656,2019-06-14,520.0,532.0284
1657,2019-06-17,520.0,512.9119
1658,2019-06-17,520.0,519.1311
1659,2019-06-18,520.0,508.5953
1660,2019-06-18,520.0,512.6339
1661,2019-06-19,520.0,497.7607
1662,2019-06-19,520.0,490.8392
1663,2019-06-20,520.0,498.6618
1664,2019-06-20,520.0,482.0552
1665,2019-06-21,520.0,476.8176
1666,2019-06-21,520.0,479.4326
1667,2019-06-24,520.0,526.1994
1668,2019-06-24,520.0,530.281
1669,2019-06-25,520.0,542.528
1670,2019-06-25,520.0,527.9854
1671,2019-06-26,520.0,528.0725
1672,2019-06-26,520.0,521.3733
1673,2019-06-27,520.0,509.2282
1674,2019-06-27,520.0,489.5705
1675,2019-07-02,520.0,522.7781
1676,2019-07-02,520.0,502.3058
1677,2019-07-03,520.0,517.9932
1678,2019-07-03,520.0,524.0363
1679,2019-07-04,520.0,509.0843
1680,2019-07-04,520.0,518.5466
1681,2019-07-05,520.0,519.8979
1682,2019-07-05,520.0,513.2824
1683,2019-07-08,520.0,544.6217
1684,2019-07-08,520.0,528.6857
1685,2019-07-09,520.0,538.1459
1686,2019-07-09,520.0,525.7736
1687,2019-07-10,520.0,534.6112
1688,2019-07-10,520.0,518.8012
1689,2019-07-11,520.0,500.0768
1690,2019-07-11,520.0,512.9284
1691,2019-07-12,520.0,510.7245
1692,2019-07-12,520.0,512.145
1693,2019-07-15,520.0,539.3935
1694,2019-07-15,520.0,511.8857
1695,2019-07-16,520.0,511.511
1696,2019-07-16,520.0,515.7799
1697,2019-07-17,520.0,509.1815
1698,2019-07-17,520.0,510.8079
1699,2019-07-18,520.0,501.3277
1700,2019-07-18,520.0,516.697
1701,2019-07-19,520.0,475.0464
1702,2019-07-19,520.0,499.639
1703,2019-07-22,520.0,524.4458
1704,2019-07-22,520.0,508.9344
1705,2019-07-23,520.0,514.9992
1706,2019-07-23,520.0,525.5377
1707,2019-07-24,520.0,506.0803
1708,2019-07-24,520.0,509.6512
1709,2019-07-25,520.0,500.4095
1710,2019-07-25,520.0,515.9225
1711,2019-07-26,520.0,526.1353
1712,2019-07-26,520.0,523.5545
1713,2019-07-29,520.0,533.0672
1714,2019-07-29,520.0,503.1093
1715,2019-07-30,520.0,521.7413
1716,2019-07-30,520.0,490.009
1717,2019-07-31,520.0,525.8415
1718,2019-07-31,520.0,518.5845
1719,2019-08-01,520.0,530.1555
1720,2019-08-01,520.0,517.175
1721,2019-08-02,520.0,564.5745
1722,2019-08-02,520.0,539.8436
1723,2019-08-05,520.0,541.7057
1724,2019-08-05,520.0,528.9445
1725,2019-08-06,520.0,549.5363
1726,2019-08-06,520.0,515.5813
1727,2019-08-07,520.0,542.4747
1728,2019-08-07,520.0,524.8174
1729,2019-08-08,520.0,508.1166
1730,2019-08-08,520.0,502.1919
1731,2019-08-09,520.0,517.9301
1732,2019-08-09,520.0,503.7288
1733,2019-08-12,520.0,512.9499
1734,2019-08-12,520.0,498.7844
1735,2019-08-13,520.0,535.8189
1736,2019-08-13,520.0,525.1293
1737,2019-08-14,520.0,523.6723
1738,2019-08-14,520.0,500.9738
1739,2019-08-15,520.0,524.2886
1740,2019-08-15,520.0,509.7012
1741,2019-08-16,520.0,521.0261
1742,2019-08-16,520.0,517.4616
1743,2019-08-19,520.0,481.3896
1744,2019-08-19,520.0,473.7848
1745,2019-08-20,520.0,523.6752
1746,2019-08-20,520.0,524.7131
1747,2019-08-21,520.0,505.6785
1748,2019-08-21,520.0,511.0874
1749,2019-08-22,520.0,513.5613
1750,2019-08-22,520.0,507.3117
1751,2019-08-23,520.0,519.0805
1752,2019-08-23,520.0,505.5367
1753,2019-08-26,520.0,541.0711
1754,2019-08-26,520.0,525.3021
1755,2019-08-27,520.0,446.2879
1756,2019-08-27,520.0,476.0587
1757,2019-08-28,520.0,521.1255
1758,2019-08-28,520.0,523.0325
1759,2019-08-29,520.0,514.3289
1760,2019-08-29,520.0,518.0021
1761,2019-08-30,520.0,477.1527
1762,2019-08-30,520.0,491.7549
1763,2019-09-02,520.0,487.4842
1764,2019-09-02,520.0,493.6873
1765,2019-09-03,520.0,507.4347
1766,2019-09-03,520.0,528.0526
1767,2019-09-04,520.0,469.2168
1768,2019-09-04,520.0,513.8167
1769,2019-09-05,520.0,462.8708
1770,2019-09-05,520.0,480.28
1771,2019-09-06,520.0,461.5039
1772,2019-09-06,520.0,487.2916
1773,2019-09-09,520.0,503.4034
1774,2019-09-09,520.0,500.5853
1775,2019-09-10,520.0,495.8401
1776,2019-09-10,520.0,513.9294
1777,2019-09-11,520.0,497.5057
1778,2019-09-11,520.0,510.8666
1779,2019-09-12,520.0,490.9763
1780,2019-09-12,520.0,509.5133
1781,2019-09-16,520.0,511.453
1782,2019-09-16,520.0,512.5994
1783,2019-09-17,520.0,523.3312
1784,2019-09-17,520.0,515.775
1785,2019-09-18,520.0,491.1667
1786,2019-09-18,520.0,501.2043
1787,2019-09-19,520.0,512.1439
1788,2019-09-19,520.0,493.6666
1789,2019-09-20,520.0,432.216
1790,2019-09-20,520.0,423.1996
1791,2019-09-23,520.0,537.9743
1792,2019-09-23,520.0,509.9457
1793,2019-09-24,520.0,509.0571
1794,2019-09-24,520.0,498.4305
1795,2019-09-25,520.0,520.9745
1796,2019-09-25,520.0,507.8491
1797,2019-09-26,520.0,501.4672
1798,2019-09-26,520.0,507.1083
1799,2019-09-27,520.0,519.0395
1800,2019-09-27,520.0,510.7515
1801,2019-09-30,520.0,518.6532
1802,2019-09-30,520.0,522.3152
1803,2019-10-08,520.0,512.6999
1804,2019-10-08,520.0,502.1318
1805,2019-10-09,520.0,536.5862
1806,2019-10-09,520.0,520.368
1807,2019-10-10,520.0,514.5203
1808,2019-10-10,520.0,517.3361
1809,2019-10-11,520.0,487.7145
1810,2019-10-11,520.0,505.5709
1811,2019-10-14,520.0,511.7566
1812,2019-10-14,520.0,495.5288
1813,2019-10-15,520.0,489.1691
1814,2019-10-15,520.0,506.6008
1815,2019-10-16,520.0,508.8146
1816,2019-10-16,520.0,495.9305
1817,2019-10-17,520.0,514.2171
1818,2019-10-17,520.0,500.4248
1819,2019-10-18,520.0,529.5093
1820,2019-10-18,520.0,512.193
1821,2019-10-21,520.0,495.0688
1822,2019-10-21,520.0,510.0302
1823,2019-10-22,520.0,513.1603
1824,2019-10-22,520.0,518.7837
1825,2019-10-23,520.0,528.5515
1826,2019-10-23,520.0,521.48
1827,2019-10-24,520.0,521.7979
1828,2019-10-24,520.0,505.1562
1829,2019-10-25,520.0,515.0065
1830,2019-10-25,520.0,500.1869
1831,2019-10-28,520.0,499.9514
1832,2019-10-28,520.0,502.9538
1833,2019-10-29,520.0,507.9594
1834,2019-10-29,520.0,500.2358
1835,2019-10-30,520.0,510.3883
1836,2019-10-30,520.0,492.3944
1837,2019-10-31,520.0,483.0335
1838,2019-10-31,520.0,471.3764
1839,2019-11-01,520.0,481.8756
1840,2019-11-01,520.0,471.0987
1841,2019-11-04,520.0,493.6769
1842,2019-11-04,520.0,499.3481
1843,2019-11-05,520.0,483.8261
1844,2019-11-05,520.0,493.7642
1845,2019-11-06,520.0,506.1859
1846,2019-11-06,520.0,515.1522
1847,2019-11-07,520.0,509.4109
1848,2019-11-07,520.0,497.4791
1849,2019-11-08,520.0,521.5936
1850,2019-11-08,520.0,493.9639
1851,2019-11-11,520.0,516.5055
1852,2019-11-11,520.0,506.5181
1853,2019-11-12,520.0,515.7375
1854,2019-11-12,520.0,513.3061
1855,2019-11-13,520.0,531.9983
1856,2019-11-13,520.0,514.4683
1857,2019-11-14,520.0,517.1343
1858,2019-11-14,520.0,500.019
1859,2019-11-15,520.0,507.8149
1860,2019-11-15,520.0,503.4499
1861,2019-11-18,520.0,515.62
1862,2019-11-18,520.0,497.6507
1863,2019-11-19,520.0,505.4602
1864,2019-11-19,520.0,496.6492
1865,2019-11-20,520.0,524.0626
1866,2019-11-20,520.0,503.3854
1867,2019-11-21,520.0,521.0725
1868,2019-11-21,520.0,501.4699
1869,2019-11-22,520.0,519.1479
1870,2019-11-22,520.0,499.7715
1871,2019-11-25,520.0,477.5324
1872,2019-11-25,520.0,492.709
1873,2019-11-26,520.0,397.5456
1874,2019-11-26,520.0,398.8214
1875,2019-11-27,520.0,507.4116
1876,2019-11-27,520.0,494.4094
1877,2019-11-28,520.0,502.477
1878,2019-11-28,520.0,501.4973
1879,2019-11-29,520.0,517.7941
1880,2019-11-29,520.0,501.9509
1881,2019-12-02,520.0,498.7281
1882,2019-12-02,520.0,503.5369
1883,2019-12-03,520.0,502.5226
1884,2019-12-03,520.0,491.2494
1885,2019-12-04,520.0,510.2979
1886,2019-12-04,520.0,475.6079
1887,2019-12-05,520.0,494.3271
1888,2019-12-05,520.0,468.7267
1889,2019-12-06,520.0,493.665
1890,2019-12-06,520.0,489.4681
1891,2019-12-09,520.0,488.8549
1892,2019-12-09,520.0,504.2058
1893,2019-12-10,520.0,495.6
1894,2019-12-10,520.0,501.8638
1895,2019-12-11,520.0,501.4249
1896,2019-12-11,520.0,502.7642
1897,2019-12-12,520.0,474.3062
1898,2019-12-12,520.0,486.8488
1899,2019-12-13,520.0,464.91
1900,2019-12-13,520.0,484.3725
1901,2019-12-16,520.0,516.8324
1902,2019-12-16,520.0,500.6053
1903,2019-12-17,520.0,462.0278
1904,2019-12-17,520.0,473.0307
1905,2019-12-18,520.0,490.0686
1906,2019-12-18,520.0,489.0126
1907,2019-12-19,520.0,492.4156
1908,2019-12-19,520.0,496.2258
1909,2019-12-20,520.0,485.3628
1910,2019-12-20,520.0,497.8434
1911,2019-12-23,520.0,505.1126
1912,2019-12-23,520.0,502.8323
1913,2019-12-27,520.0,480.0769
1914,2019-12-27,520.0,496.5103
1915,2019-12-30,520.0,495.0622
1916,2019-12-30,520.0,479.3017
1917,2019-12-31,520.0,515.6858
1918,2019-12-31,520.0,514.4739
1919,2020-01-02,520.0,462.8692
1920,2020-01-02,520.0,463.1782
1921,2020-01-03,520.0,499.1746
1922,2020-01-03,520.0,494.8274
1923,2020-01-06,520.0,503.3157
1924,2020-01-06,520.0,473.8539
1925,2020-01-07,520.0,491.4799
1926,2020-01-07,520.0,482.5253
1927,2020-01-08,520.0,515.9655
1928,2020-01-08,520.0,489.9884
1929,2020-01-09,520.0,478.7697
1930,2020-01-09,520.0,465.4268
1931,2020-01-10,520.0,497.4244
1932,2020-01-10,520.0,493.1581
1933,2020-01-13,520.0,484.9129
1934,2020-01-13,520.0,461.8226
1935,2020-01-14,520.0,491.0763
1936,2020-01-14,520.0,497.0098
1937,2020-01-15,520.0,516.8179
1938,2020-01-15,520.0,493.4282
1939,2020-01-16,520.0,495.7898
1940,2020-01-16,520.0,485.4787
1941,2020-01-17,520.0,492.9144
1942,2020-01-17,520.0,491.4013
1943,2020-01-20,520.0,497.3206
1944,2020-01-20,520.0,477.7625
1945,2020-01-21,520.0,552.2447
1946,2020-01-21,520.0,536.2621
1947,2020-01-22,520.0,517.6667
1948,2020-01-22,520.0,504.6389
1949,2020-01-23,520.0,571.3299
1950,2020-01-23,520.0,562.9764
1951,2020-02-03,520.0,369.8501
1952,2020-02-03,520.0,470.8273
1953,2020-02-04,520.0,506.6816
1954,2020-02-04,520.0,453.4444
1955,2020-02-05,520.0,515.1602
1956,2020-02-05,520.0,499.9195
1957,2020-02-06,520.0,444.7107
1958,2020-02-06,520.0,459.43
1959,2020-02-07,520.0,517.1885
1960,2020-02-07,520.0,528.8458
1961,2020-02-10,520.0,519.1079
1962,2020-02-10,520.0,524.7204
1963,2020-02-11,520.0,498.3594
1964,2020-02-11,520.0,516.7852
1965,2020-02-12,520.0,494.276
1966,2020-02-12,520.0,502.8608
1967,2020-02-13,520.0,502.2343
1968,2020-02-13,520.0,504.6307
1969,2020-02-14,520.0,484.1246
1970,2020-02-14,520.0,485.7999
1971,2020-02-17,520.0,476.3533
1972,2020-02-17,520.0,480.8524
1973,2020-02-18,520.0,543.5824
1974,2020-02-18,520.0,522.954
1975,2020-02-19,520.0,485.6974
1976,2020-02-19,520.0,490.0582
1977,2020-02-20,520.0,496.3401
1978,2020-02-20,520.0,473.5712
1979,2020-02-21,520.0,528.8206
1980,2020-02-21,520.0,492.6376
1981,2020-02-24,520.0,556.9947
1982,2020-02-24,520.0,542.5552
1983,2020-02-25,520.0,539.3696
1984,2020-02-25,520.0,518.2237
1985,2020-02-26,520.0,524.327
1986,2020-02-26,520.0,555.0356
1987,2020-02-27,520.0,529.866
1988,2020-02-27,520.0,520.7146
1989,2020-02-28,520.0,543.2434
1990,2020-02-28,520.0,521.0158
1991,2020-03-02,520.0,480.0494
1992,2020-03-02,520.0,491.5369
1993,2020-03-03,520.0,496.6091
1994,2020-03-03,520.0,514.8134
1995,2020-03-04,520.0,495.1565
1996,2020-03-04,520.0,529.0644
1997,2020-03-05,520.0,480.646
1998,2020-03-05,520.0,497.8729
1999,2020-03-06,520.0,537.3917
2000,2020-03-06,520.0,510.1916
2001,2020-03-09,520.0,607.0253
2002,2020-03-09,520.0,554.9465
2003,2020-03-10,520.0,501.5764
2004,2020-03-10,520.0,482.1666
2005,2020-03-11,520.0,512.4522
2006,2020-03-11,520.0,581.2722
2007,2020-03-12,520.0,575.333
2008,2020-03-12,520.0,525.2515
2009,2020-03-13,520.0,617.0452
2010,2020-03-13,520.0,554.3739
2011,2020-03-16,520.0,568.7053
2012,2020-03-16,520.0,559.3908
2013,2020-03-17,520.0,570.4229
2014,2020-03-17,520.0,540.9979
2015,2020-03-18,520.0,556.9176
2016,2020-03-18,520.0,547.0538
2017,2020-03-19,520.0,572.4844
2018,2020-03-19,520.0,562.1815
2019,2020-03-20,520.0,473.2669
2020,2020-03-20,520.0,532.7155
2021,2020-03-23,520.0,578.7816
2022,2020-03-23,520.0,532.7817
2023,2020-03-24,520.0,483.9495
2024,2020-03-24,520.0,505.0432
2025,2020-03-25,520.0,502.0215
2026,2020-03-25,520.0,501.2054
2027,2020-03-26,520.0,519.8822
2028,2020-03-26,520.0,521.8083
2029,2020-03-27,520.0,491.054
2030,2020-03-27,520.0,501.6662
2031,2020-03-30,520.0,513.8089
2032,2020-03-30,520.0,513.3889
2033,2020-03-31,520.0,508.8799
2034,2020-03-31,520.0,500.4588
2035,2020-04-01,520.0,510.165
2036,2020-04-01,520.0,475.3062
2037,2020-04-02,520.0,490.3145
2038,2020-04-02,520.0,490.1227
2039,2020-04-03,520.0,508.5629
2040,2020-04-03,520.0,538.0833
2041,2020-04-07,520.0,448.3096
2042,2020-04-07,520.0,446.4778
2043,2020-04-08,520.0,530.0349
2044,2020-04-08,520.0,526.8354
2045,2020-04-14,520.0,461.5542
2046,2020-04-14,520.0,413.3324
2047,2020-04-15,520.0,502.852
2048,2020-04-15,520.0,486.1635
2049,2020-04-16,520.0,491.6023
2050,2020-04-16,520.0,491.2809
2051,2020-04-17,520.0,462.5003
2052,2020-04-17,520.0,474.135
2053,2020-04-20,520.0,519.3822
2054,2020-04-20,520.0,502.6303
2055,2020-04-21,520.0,524.2799
2056,2020-04-21,520.0,525.9806
2057,2020-04-22,520.0,503.5403
2058,2020-04-22,520.0,505.2808
2059,2020-04-23,520.0,496.0619
2060,2020-04-23,520.0,520.2213
2061,2020-04-24,520.0,497.1221
2062,2020-04-24,520.0,494.8267
2063,2020-04-27,520.0,494.7094
2064,2020-04-27,520.0,491.3736
2065,2020-04-28,520.0,512.6433
2066,2020-04-28,520.0,501.315
2067,2020-05-06,520.0,531.8343
2068,2020-05-06,520.0,474.9741
2069,2020-05-07,520.0,524.7521
2070,2020-05-07,520.0,529.6181
2071,2020-05-08,520.0,499.1244
2072,2020-05-08,520.0,474.9878
2073,2020-05-11,520.0,501.2544
2074,2020-05-11,520.0,494.7348
2075,2020-05-12,520.0,506.7966
2076,2020-05-12,520.0,499.2696
2077,2020-05-13,520.0,513.4489
2078,2020-05-13,520.0,512.5998
2079,2020-05-14,520.0,530.5739
2080,2020-05-14,520.0,508.1399
2081,2020-05-15,520.0,515.8116
2082,2020-05-15,520.0,498.6786
2083,2020-05-18,520.0,489.2239
2084,2020-05-18,520.0,504.5656
2085,2020-05-19,520.0,505.3248
2086,2020-05-19,520.0,485.4904
2087,2020-05-20,520.0,507.3469
2088,2020-05-20,520.0,502.2189
2089,2020-05-21,520.0,493.0182
2090,2020-05-21,520.0,514.9512
2091,2020-05-22,520.0,547.3845
2092,2020-05-22,520.0,515.2622
2093,2020-05-25,520.0,500.1613
2094,2020-05-25,520.0,504.5022
2095,2020-05-26,520.0,502.4355
2096,2020-05-26,520.0,484.7832
2097,2020-05-27,520.0,493.6563
2098,2020-05-27,520.0,519.8203
2099,2020-05-28,520.0,487.9113
2100,2020-05-28,520.0,510.1708
2101,2020-05-29,520.0,499.1976
2102,2020-05-29,520.0,466.5852
2103,2020-06-01,520.0,473.5827
2104,2020-06-01,520.0,446.9261
2105,2020-06-02,520.0,476.0662
2106,2020-06-02,520.0,531.1593
2107,2020-06-03,520.0,507.2852
2108,2020-06-03,520.0,475.6822
2109,2020-06-04,520.0,509.1625
2110,2020-06-04,520.0,489.8401
2111,2020-06-05,520.0,482.9071
2112,2020-06-05,520.0,500.1392
2113,2020-06-08,520.0,498.8878
2114,2020-06-08,520.0,522.8431
2115,2020-06-09,520.0,487.8283
2116,2020-06-09,520.0,492.1116
2117,2020-06-10,520.0,525.7927
2118,2020-06-10,520.0,495.7956
2119,2020-06-11,520.0,532.9875
2120,2020-06-11,520.0,493.1124
2121,2020-06-12,520.0,511.3552
2122,2020-06-12,520.0,509.02
2123,2020-06-15,520.0,565.8432
2124,2020-06-15,520.0,501.5093
2125,2020-06-16,520.0,491.8813
2126,2020-06-16,520.0,492.8464
2127,2020-06-17,520.0,523.2125
2128,2020-06-17,520.0,536.6751
2129,2020-06-18,520.0,485.4183
2130,2020-06-18,520.0,495.5546
2131,2020-06-19,520.0,407.0868
2132,2020-06-19,520.0,422.7868
2133,2020-06-22,520.0,499.7761
2134,2020-06-22,520.0,502.328
2135,2020-06-23,520.0,494.4627
2136,2020-06-23,520.0,520.0916
2137,2020-06-24,520.0,493.8017
2138,2020-06-24,520.0,508.1968
2139,2020-06-29,520.0,526.7646
2140,2020-06-29,520.0,510.4718
2141,2020-07-02,520.0,395.8062
2142,2020-07-02,520.0,448.2973
2143,2020-07-03,520.0,428.1894
2144,2020-07-03,520.0,456.8088
2145,2020-07-06,520.0,453.033
2146,2020-07-06,520.0,422.612
2147,2020-07-07,520.0,443.6103
2148,2020-07-07,520.0,477.5145
2149,2020-07-08,520.0,503.9906
2150,2020-07-08,520.0,498.1105
2151,2020-07-09,520.0,474.8074
2152,2020-07-09,520.0,459.911
2153,2020-07-10,520.0,525.6586
2154,2020-07-10,520.0,534.2202
2155,2020-07-13,520.0,472.8084
2156,2020-07-13,520.0,470.6225
2157,2020-07-14,520.0,559.1683
2158,2020-07-14,520.0,630.9979
2159,2020-07-15,520.0,524.9448
2160,2020-07-15,520.0,519.6095
2161,2020-07-16,520.0,535.6829
2162,2020-07-16,520.0,558.6904
2163,2020-07-17,520.0,505.2216
2164,2020-07-17,520.0,501.7733
2165,2020-07-20,520.0,484.6095
2166,2020-07-20,520.0,589.5899
2167,2020-07-21,520.0,546.783
2168,2020-07-21,520.0,501.3111
2169,2020-07-22,520.0,528.5005
2170,2020-07-22,520.0,447.5792
2171,2020-07-23,520.0,540.4464
2172,2020-07-23,520.0,513.0234
2173,2020-07-24,520.0,603.912
2174,2020-07-24,520.0,580.2694
2175,2020-07-27,520.0,549.0009
2176,2020-07-27,520.0,486.3208
2177,2020-07-28,520.0,548.3177
2178,2020-07-28,520.0,493.689
2179,2020-07-29,520.0,504.8063
2180,2020-07-29,520.0,433.8732
2181,2020-07-30,520.0,525.4289
2182,2020-07-30,520.0,557.0256
2183,2020-07-31,520.0,536.864
2184,2020-07-31,520.0,499.5889
2185,2020-08-03,520.0,528.1813
2186,2020-08-03,520.0,488.3693
2187,2020-08-04,520.0,468.8933
2188,2020-08-04,520.0,527.6061
2189,2020-08-05,520.0,541.1787
2190,2020-08-05,520.0,495.5028
2191,2020-08-06,520.0,513.8414
2192,2020-08-06,520.0,527.1405
2193,2020-08-07,520.0,534.9811
2194,2020-08-07,520.0,501.3155
2195,2020-08-10,520.0,494.8156
2196,2020-08-10,520.0,522.4175
2197,2020-08-11,520.0,487.8578
2198,2020-08-11,520.0,488.9435
2199,2020-08-12,520.0,499.8993
2200,2020-08-12,520.0,534.4537
2201,2020-08-13,520.0,519.844
2202,2020-08-13,520.0,520.0403
2203,2020-08-14,520.0,473.9099
2204,2020-08-14,520.0,477.6968
2205,2020-08-17,520.0,468.0071
2206,2020-08-17,520.0,492.89
2207,2020-08-18,520.0,519.1417
2208,2020-08-18,520.0,519.1107
2209,2020-08-19,520.0,537.493
2210,2020-08-19,520.0,556.6043
2211,2020-08-20,520.0,553.0214
2212,2020-08-20,520.0,494.0691
2213,2020-08-21,520.0,517.5972
2214,2020-08-21,520.0,490.5395
2215,2020-08-24,520.0,512.8271
2216,2020-08-24,520.0,484.9585
2217,2020-08-25,520.0,486.5814
2218,2020-08-25,520.0,516.5531
2219,2020-08-26,520.0,508.7273
2220,2020-08-26,520.0,524.2263
2221,2020-08-27,520.0,530.7764
2222,2020-08-27,520.0,497.9749
2223,2020-08-28,520.0,492.5753
2224,2020-08-28,520.0,457.6971
2225,2020-08-31,520.0,543.4436
2226,2020-08-31,520.0,553.9871
2227,2020-09-01,520.0,528.1224
2228,2020-09-01,520.0,492.5723
2229,2020-09-02,520.0,570.9383
2230,2020-09-02,520.0,515.2524
2231,2020-09-03,520.0,502.0545
2232,2020-09-03,520.0,529.117
2233,2020-09-04,520.0,540.2908
2234,2020-09-04,520.0,541.0963
2235,2020-09-07,520.0,532.6295
2236,2020-09-07,520.0,543.0349
2237,2020-09-08,520.0,490.1525
2238,2020-09-08,520.0,471.6217
2239,2020-09-09,520.0,526.6783
2240,2020-09-09,520.0,528.9315
2241,2020-09-10,520.0,520.445
2242,2020-09-10,520.0,490.7546
2243,2020-09-11,520.0,521.0422
2244,2020-09-11,520.0,486.2667
2245,2020-09-14,520.0,537.9411
2246,2020-09-14,520.0,515.364
2247,2020-09-15,520.0,509.2462
2248,2020-09-15,520.0,479.2365
2249,2020-09-16,520.0,489.878
2250,2020-09-16,520.0,525.4251
2251,2020-09-17,520.0,533.4
2252,2020-09-17,520.0,481.2578
2253,2020-09-18,520.0,446.2083
2254,2020-09-18,520.0,471.7861
