,code,time_key,open,close,high,low,pe_ratio,turnover_rate,volume,turnover,change_rate,last_close,date
0,HK.01810,2019-01-09 00:00:00,10.5,10.34,11.1,10.34,0.0,0.01536,240922422,2572710385.0,-6.846846846846845,11.1,2019-01-09
1,HK.01810,2019-01-10 00:00:00,9.63,9.97,10.04,9.44,0.0,0.024,376414318,3570231764.0,-3.578336557059954,10.34,2019-01-10
2,HK.01810,2019-01-11 00:00:00,10.18,10.34,10.52,10.0,0.0,0.00808,126655283,1305955906.0,3.711133400200594,9.97,2019-01-11
3,HK.01810,2019-01-14 00:00:00,10.42,10.02,10.48,10.0,0.0,0.00346,54264395,549190080.0,-3.094777562862672,10.34,2019-01-14
4,HK.01810,2019-01-15 00:00:00,10.06,9.96,10.16,9.83,0.0,0.00525,82269650,822432351.0,-0.5988023952095681,10.02,2019-01-15
5,HK.01810,2019-01-16 00:00:00,9.7,9.7,9.94,9.59,0.0,0.02342,367223812,3510052548.0,-2.6104417670682887,9.96,2019-01-16
6,HK.01810,2019-01-17 00:00:00,9.81,9.74,9.95,9.67,0.0,0.00517,81046985,795682554.0,0.4123711340206281,9.7,2019-01-17
7,HK.01810,2019-01-18 00:00:00,9.97,10.16,10.24,9.89,0.0,0.00892,139896858,1411025648.0,4.312114989733059,9.74,2019-01-18
8,HK.01810,2019-01-21 00:00:00,10.22,10.3,10.48,10.22,0.0,0.0055,86294625,894009082.0,1.3779527559055174,10.16,2019-01-21
9,HK.01810,2019-01-22 00:00:00,10.38,10.0,10.4,9.92,0.0,0.00347,59735038,601860949.0,-2.9126213592233077,10.3,2019-01-22
10,HK.01810,2019-01-23 00:00:00,9.93,9.97,10.02,9.89,0.0,0.0022,37825844,377320334.0,-0.2999999999999936,10.0,2019-01-23
11,HK.01810,2019-01-24 00:00:00,10.0,10.0,10.12,9.92,0.0,0.0024,41246163,412368183.0,0.3009027081243667,9.97,2019-01-24
12,HK.01810,2019-01-25 00:00:00,10.04,10.1,10.26,10.02,0.0,0.00376,64613994,652307328.0,0.9999999999999963,10.0,2019-01-25
13,HK.01810,2019-01-28 00:00:00,10.2,10.02,10.22,9.94,0.0,0.00258,44290538,444449661.0,-0.7920792079207928,10.1,2019-01-28
14,HK.01810,2019-01-29 00:00:00,9.92,9.91,9.99,9.86,0.0,0.00195,33530991,332516515.0,-1.0978043912175592,10.02,2019-01-29
15,HK.01810,2019-01-30 00:00:00,9.9,9.84,9.95,9.84,0.0,0.00191,32802193,324037358.0,-0.7063572149344125,9.91,2019-01-30
16,HK.01810,2019-01-31 00:00:00,9.95,9.84,9.98,9.82,0.0,0.00291,50076676,494732901.0,0.0,9.84,2019-01-31
17,HK.01810,2019-02-01 00:00:00,9.9,10.44,10.44,9.87,0.0,0.00742,127579302,1306387244.0,6.097560975609753,9.84,2019-02-01
18,HK.01810,2019-02-04 00:00:00,10.46,10.36,10.5,10.28,0.0,0.00289,49681936,516482127.0,-0.7662835249042153,10.44,2019-02-04
19,HK.01810,2019-02-08 00:00:00,10.3,10.26,10.32,10.0,0.0,0.00335,57644100,586393324.0,-0.965250965250962,10.36,2019-02-08
20,HK.01810,2019-02-11 00:00:00,10.34,10.7,10.9,10.22,0.0,0.00818,140732181,1511207986.0,4.2884990253411255,10.26,2019-02-11
21,HK.01810,2019-02-12 00:00:00,10.94,10.6,11.1,10.54,0.0,0.00686,117906288,1271096567.0,-0.9345794392523332,10.7,2019-02-12
22,HK.01810,2019-02-13 00:00:00,10.72,11.38,11.42,10.6,0.0,0.00908,156224007,1740857784.0,7.358490566037747,10.6,2019-02-13
23,HK.01810,2019-02-14 00:00:00,11.36,11.52,11.56,11.2,0.0,0.00633,108811783,1242074309.0,1.2302284710017468,11.38,2019-02-14
24,HK.01810,2019-02-15 00:00:00,11.42,11.14,11.46,11.08,0.0,0.00478,82217458,922938545.0,-3.2986111111111027,11.52,2019-02-15
25,HK.01810,2019-02-18 00:00:00,11.38,11.22,11.5,11.2,0.0,0.0037,63590558,721095877.0,0.7181328545780976,11.14,2019-02-18
26,HK.01810,2019-02-19 00:00:00,11.1,10.8,11.16,10.62,0.0,0.00756,129955818,1409095077.0,-3.7433155080213893,11.22,2019-02-19
27,HK.01810,2019-02-20 00:00:00,10.92,10.84,11.0,10.66,0.0,0.00559,96070124,1040956959.0,0.37037037037036247,10.8,2019-02-20
28,HK.01810,2019-02-21 00:00:00,10.98,11.38,11.52,10.94,0.0,0.00889,152831181,1720120725.0,4.9815498154981634,10.84,2019-02-21
29,HK.01810,2019-02-22 00:00:00,11.3,11.92,11.92,11.24,0.0,0.00915,157362545,1835578521.0,4.745166959578199,11.38,2019-02-22
30,HK.01810,2019-02-25 00:00:00,12.08,12.24,12.48,12.06,0.0,0.01151,198022442,2436230976.0,2.684563758389264,11.92,2019-02-25
31,HK.01810,2019-02-26 00:00:00,12.26,12.2,12.48,12.1,0.0,0.00661,113627050,1401386698.0,-0.3267973856209226,12.24,2019-02-26
32,HK.01810,2019-02-27 00:00:00,12.32,12.14,12.42,11.84,0.0,0.00564,97009637,1173329523.0,-0.49180327868851414,12.2,2019-02-27
33,HK.01810,2019-02-28 00:00:00,12.18,11.96,12.18,11.76,0.0,0.01511,259790013,3102414046.0,-1.4827018121911013,12.14,2019-02-28
34,HK.01810,2019-03-01 00:00:00,11.82,11.88,12.0,11.6,0.0,0.0076,130688112,1546910012.0,-0.6688963210702347,11.96,2019-03-01
35,HK.01810,2019-03-04 00:00:00,11.96,11.96,12.1,11.78,0.0,0.00867,149188886,1786336262.0,0.673400673400674,11.88,2019-03-04
36,HK.01810,2019-03-05 00:00:00,11.9,12.5,12.5,11.84,0.0,0.00789,135780670,1660891837.0,4.515050167224073,11.96,2019-03-05
37,HK.01810,2019-03-06 00:00:00,12.48,12.36,12.68,12.26,0.0,0.007,120362729,1500046771.0,-1.1200000000000045,12.5,2019-03-06
38,HK.01810,2019-03-07 00:00:00,12.42,12.04,12.48,12.04,0.0,0.0043,73888741,901735715.0,-2.588996763754048,12.36,2019-03-07
39,HK.01810,2019-03-08 00:00:00,12.0,11.74,12.06,11.72,0.0,0.00435,74822349,886666582.0,-2.4916943521594597,12.04,2019-03-08
40,HK.01810,2019-03-11 00:00:00,11.66,11.9,11.98,11.66,0.0,0.0042,72177601,856365894.0,1.3628620102214664,11.74,2019-03-11
41,HK.01810,2019-03-12 00:00:00,12.0,12.2,12.38,11.98,0.0,0.00514,88446667,1084625117.0,2.5210084033613356,11.9,2019-03-12
42,HK.01810,2019-03-13 00:00:00,12.26,11.96,12.36,11.9,0.0,0.00512,88108145,1063818365.0,-1.9672131147540857,12.2,2019-03-13
43,HK.01810,2019-03-14 00:00:00,12.04,11.64,12.04,11.5,0.0,0.00589,101368214,1184214090.0,-2.6755852842809387,11.96,2019-03-14
44,HK.01810,2019-03-15 00:00:00,11.76,11.58,11.88,11.52,0.0,0.01874,322239056,3737089146.0,-0.5154639175257775,11.64,2019-03-15
45,HK.01810,2019-03-18 00:00:00,11.7,11.9,12.08,11.56,0.0,0.00696,119684388,1418427809.0,2.763385146804838,11.58,2019-03-18
46,HK.01810,2019-03-19 00:00:00,11.94,12.2,12.26,11.9,0.0,0.00611,105074461,1274855867.0,2.5210084033613356,11.9,2019-03-19
47,HK.01810,2019-03-20 00:00:00,12.3,11.64,12.3,11.52,17.556,0.01177,202994583,2375818027.0,-4.5901639344262195,12.2,2019-03-20
48,HK.01810,2019-03-21 00:00:00,11.64,11.28,11.66,11.28,17.013,0.00599,103304274,1177865663.0,-3.0927835051546495,11.64,2019-03-21
49,HK.01810,2019-03-22 00:00:00,11.34,11.28,11.5,11.14,17.013,0.00468,80725171,912019226.0,0.0,11.28,2019-03-22
50,HK.01810,2019-03-25 00:00:00,11.1,10.9,11.14,10.88,16.44,0.00465,80204573,882333840.0,-3.3687943262411264,11.28,2019-03-25
51,HK.01810,2019-03-26 00:00:00,11.1,11.1,11.2,11.0,16.742,0.00225,38786770,430278085.0,1.8348623853210944,10.9,2019-03-26
52,HK.01810,2019-03-27 00:00:00,11.18,11.3,11.32,11.1,17.043,0.00219,37818664,424302914.0,1.8018018018018116,11.1,2019-03-27
53,HK.01810,2019-03-28 00:00:00,11.2,11.18,11.2,11.06,16.862,0.00154,26475986,294640428.0,-1.061946902654876,11.3,2019-03-28
54,HK.01810,2019-03-29 00:00:00,11.26,11.38,11.38,11.18,17.164,0.00277,47718441,538635490.0,1.7889087656529614,11.18,2019-03-29
55,HK.01810,2019-04-01 00:00:00,11.5,11.36,11.5,11.32,17.134,0.00294,50751587,579887990.0,-0.17574692442883436,11.38,2019-04-01
56,HK.01810,2019-04-02 00:00:00,11.4,11.24,11.46,11.2,16.953,0.00208,35804625,404054478.0,-1.0563380281690073,11.36,2019-04-02
57,HK.01810,2019-04-03 00:00:00,11.4,11.92,11.94,11.2,12.403,0.00479,114684905,1335667620.0,6.0498220640569365,11.24,2019-04-03
58,HK.01810,2019-04-04 00:00:00,11.86,11.84,11.9,11.66,12.32,0.0028,67047248,788859777.0,-0.671140939597316,11.92,2019-04-04
59,HK.01810,2019-04-08 00:00:00,11.9,11.76,11.96,11.5,12.237,0.0022,52740551,618945188.0,-0.6756756756756763,11.84,2019-04-08
60,HK.01810,2019-04-09 00:00:00,11.72,11.72,11.8,11.5,12.195,0.00195,46794828,546607253.0,-0.3401360544217614,11.76,2019-04-09
61,HK.01810,2019-04-10 00:00:00,11.6,11.84,11.9,11.42,18.385,0.00243,58170697,679626315.0,1.0238907849829284,11.72,2019-04-10
62,HK.01810,2019-04-11 00:00:00,11.78,11.54,11.84,11.52,17.919,0.00177,42504774,494099228.0,-2.53378378378379,11.84,2019-04-11
63,HK.01810,2019-04-12 00:00:00,11.6,11.62,11.68,11.42,18.043,0.00125,29893511,346163190.0,0.6932409012131723,11.54,2019-04-12
64,HK.01810,2019-04-15 00:00:00,11.68,11.64,12.0,11.64,18.074,0.00256,61263409,726522907.0,0.17211703958693073,11.62,2019-04-15
65,HK.01810,2019-04-16 00:00:00,11.64,11.76,11.8,11.44,18.26,0.00156,37491683,437446055.0,1.0309278350515396,11.64,2019-04-16
66,HK.01810,2019-04-17 00:00:00,11.86,11.82,11.88,11.7,18.354,0.00159,37994138,448122241.0,0.5102040816326573,11.76,2019-04-17
67,HK.01810,2019-04-18 00:00:00,11.86,11.7,11.94,11.62,18.167,0.00204,48797058,573816622.0,-1.0152284263959475,11.82,2019-04-18
68,HK.01810,2019-04-23 00:00:00,11.86,12.2,12.22,11.74,18.944,0.00801,191912515,2314140450.0,4.273504273504273,11.7,2019-04-23
69,HK.01810,2019-04-24 00:00:00,12.26,12.36,12.46,12.14,19.192,0.0057,136598895,1681285323.0,1.3114754098360668,12.2,2019-04-24
70,HK.01810,2019-04-25 00:00:00,12.36,11.98,12.36,11.96,18.602,0.00367,87868020,1068644858.0,-3.074433656957921,12.36,2019-04-25
71,HK.01810,2019-04-26 00:00:00,12.0,12.02,12.24,11.94,18.664,0.00252,60311103,728271066.0,0.33388981636059384,11.98,2019-04-26
72,HK.01810,2019-04-29 00:00:00,12.1,11.98,12.1,11.74,18.602,0.00344,82380942,981431693.0,-0.3327787021630545,12.02,2019-04-29
73,HK.01810,2019-04-30 00:00:00,12.02,12.02,12.12,11.84,18.664,0.0022,52680483,633693355.0,0.33388981636059384,11.98,2019-04-30
74,HK.01810,2019-05-02 00:00:00,11.8,11.62,11.92,11.58,18.043,0.00245,58815949,687175433.0,-3.327787021630619,12.02,2019-05-02
75,HK.01810,2019-05-03 00:00:00,11.72,11.8,11.94,11.66,18.322,0.00153,36641129,433330928.0,1.5490533562822848,11.62,2019-05-03
76,HK.01810,2019-05-06 00:00:00,11.5,11.0,11.54,10.78,17.08,0.00601,143992147,1580696416.0,-6.7796610169491585,11.8,2019-05-06
77,HK.01810,2019-05-07 00:00:00,11.0,10.84,11.02,10.58,16.832,0.0043,103147643,1116159464.0,-1.4545454545454557,11.0,2019-05-07
78,HK.01810,2019-05-08 00:00:00,10.6,10.58,10.74,10.44,16.428,0.00322,77101167,818904371.0,-2.3985239852398506,10.84,2019-05-08
79,HK.01810,2019-05-09 00:00:00,10.72,10.46,10.72,10.42,16.242,0.0024,57447536,602840877.0,-1.1342155009451722,10.58,2019-05-09
80,HK.01810,2019-05-10 00:00:00,10.68,10.64,10.78,10.42,16.521,0.00206,49391863,524147001.0,1.7208413001912017,10.46,2019-05-10
81,HK.01810,2019-05-14 00:00:00,10.26,10.12,10.32,10.06,15.714,0.00391,93843860,949487739.0,-4.887218045112794,10.64,2019-05-14
82,HK.01810,2019-05-15 00:00:00,10.38,10.48,10.74,10.26,16.273,0.0028,67013283,704736232.0,3.5573122529644388,10.12,2019-05-15
83,HK.01810,2019-05-16 00:00:00,10.7,10.3,10.7,10.28,15.993,0.00188,44951125,466927333.0,-1.7175572519083944,10.48,2019-05-16
84,HK.01810,2019-05-17 00:00:00,10.28,10.16,10.36,10.08,15.776,0.0022,52691189,535446519.0,-1.3592233009708792,10.3,2019-05-17
85,HK.01810,2019-05-20 00:00:00,10.04,9.89,10.5,9.81,15.357,0.00449,107718541,1079560427.0,-2.6574803149606256,10.16,2019-05-20
86,HK.01810,2019-05-21 00:00:00,10.26,9.87,10.28,9.84,15.326,0.00559,134056987,1340463372.0,-0.20222446916078207,9.89,2019-05-21
87,HK.01810,2019-05-22 00:00:00,10.0,10.1,10.34,9.98,15.683,0.0036,86195202,872660492.0,2.3302938196555263,9.87,2019-05-22
88,HK.01810,2019-05-23 00:00:00,10.06,9.8,10.1,9.7,15.217,0.00317,76024033,748284555.0,-2.9702970297029596,10.1,2019-05-23
89,HK.01810,2019-05-24 00:00:00,9.8,9.77,9.9,9.62,15.17,0.0022,52677791,512552641.0,-0.3061224489796034,9.8,2019-05-24
90,HK.01810,2019-05-27 00:00:00,9.8,9.66,9.82,9.57,15.0,0.00262,62738041,606059801.0,-1.1258955987717445,9.77,2019-05-27
91,HK.01810,2019-05-28 00:00:00,9.7,9.95,10.04,9.67,15.45,0.0026,62252358,618427862.0,3.002070393374732,9.66,2019-05-28
92,HK.01810,2019-05-29 00:00:00,9.84,9.92,9.94,9.8,15.403,0.00121,29019956,286581930.0,-0.3015075376884358,9.95,2019-05-29
93,HK.01810,2019-05-30 00:00:00,9.86,9.74,9.95,9.72,15.124,0.0022,52635534,514234540.0,-1.8145161290322551,9.92,2019-05-30
94,HK.01810,2019-05-31 00:00:00,9.74,9.58,9.81,9.57,14.875,0.00142,33964811,328057655.0,-1.6427104722792623,9.74,2019-05-31
95,HK.01810,2019-06-03 00:00:00,9.59,9.09,9.66,8.92,14.114,0.00736,176504084,1596611225.0,-5.114822546972862,9.58,2019-06-03
96,HK.01810,2019-06-04 00:00:00,9.1,9.02,9.19,8.91,14.006,0.00329,78946868,710331373.0,-0.7700770077007731,9.09,2019-06-04
97,HK.01810,2019-06-05 00:00:00,9.29,9.22,9.33,9.12,14.316,0.0035,83885940,774082262.0,2.2172949002217415,9.02,2019-06-05
98,HK.01810,2019-06-06 00:00:00,9.25,9.21,9.26,9.0,14.301,0.00294,70373449,640934467.0,-0.10845986984815387,9.22,2019-06-06
99,HK.01810,2019-06-10 00:00:00,9.29,9.53,9.54,9.21,14.798,0.00267,63925563,603056013.0,3.4744842562431972,9.21,2019-06-10
100,HK.01810,2019-06-11 00:00:00,9.58,9.75,9.88,9.54,15.139,0.00302,72498312,708087758.0,2.3084994753410353,9.53,2019-06-11
101,HK.01810,2019-06-12 00:00:00,9.7,9.54,9.75,9.38,14.813,0.00316,75843668,720011822.0,-2.1538461538461626,9.75,2019-06-12
102,HK.01810,2019-06-13 00:00:00,9.63,9.66,9.66,9.34,15.0,0.00211,50674208,481241644.0,1.2578616352201362,9.54,2019-06-13
103,HK.01810,2019-06-14 00:00:00,9.6,9.55,9.66,9.47,14.829,0.00185,44403147,423010654.0,-1.1387163561076545,9.66,2019-06-14
104,HK.01810,2019-06-17 00:00:00,9.6,9.58,9.7,9.48,14.875,0.00207,49717577,474258073.0,0.31413612565444354,9.55,2019-06-17
105,HK.01810,2019-06-18 00:00:00,9.58,9.59,9.64,9.48,14.891,0.00154,36926547,353285502.0,0.1043841336116888,9.58,2019-06-18
106,HK.01810,2019-06-19 00:00:00,9.83,9.8,9.98,9.72,15.217,0.00253,60624774,596277639.0,2.189781021897819,9.59,2019-06-19
107,HK.01810,2019-06-20 00:00:00,9.84,9.93,10.0,9.73,15.419,0.00346,82850123,820660388.0,1.3265306122448877,9.8,2019-06-20
108,HK.01810,2019-06-21 00:00:00,9.98,9.8,9.99,9.76,15.217,0.00282,67682612,665283250.0,-1.3091641490432933,9.93,2019-06-21
109,HK.01810,2019-06-24 00:00:00,9.85,9.95,10.04,9.81,15.45,0.00304,72849695,724473028.0,1.5306122448979447,9.8,2019-06-24
110,HK.01810,2019-06-25 00:00:00,9.94,9.77,9.94,9.63,15.17,0.0021,50239668,489329185.0,-1.8090452261306504,9.95,2019-06-25
111,HK.01810,2019-06-26 00:00:00,9.7,9.8,9.85,9.68,15.217,0.00127,30465836,298506394.0,0.30706243602867084,9.77,2019-06-26
112,HK.01810,2019-06-27 00:00:00,9.83,10.0,10.0,9.77,15.527,0.0029,69511695,689916185.0,2.0408163265306047,9.8,2019-06-27
113,HK.01810,2019-06-28 00:00:00,10.0,10.0,10.38,9.94,15.527,0.00537,128683132,1297811315.0,0.0,10.0,2019-06-28
114,HK.01810,2019-07-02 00:00:00,10.3,9.99,10.32,9.94,15.512,0.00569,136432655,1371497989.0,-0.09999999999999788,10.0,2019-07-02
115,HK.01810,2019-07-03 00:00:00,10.0,9.76,10.02,9.65,15.155,0.00449,107536892,1048505428.0,-2.302302302302307,9.99,2019-07-03
116,HK.01810,2019-07-04 00:00:00,9.79,9.78,9.86,9.72,15.186,0.00201,48221001,472950055.0,0.20491803278688087,9.76,2019-07-04
117,HK.01810,2019-07-05 00:00:00,9.8,9.95,9.97,9.75,15.45,0.00247,59181568,586209840.0,1.7382413087934554,9.78,2019-07-05
118,HK.01810,2019-07-08 00:00:00,9.82,9.61,9.85,9.55,14.922,0.00442,105975221,1027882680.0,-3.417085427135677,9.95,2019-07-08
119,HK.01810,2019-07-09 00:00:00,9.53,9.5,9.58,9.27,14.751,0.00416,99820916,939797208.0,-1.1446409989594115,9.61,2019-07-09
120,HK.01810,2019-07-10 00:00:00,9.56,9.59,9.63,9.37,14.891,0.00272,65241428,619867202.0,0.9473684210526301,9.5,2019-07-10
121,HK.01810,2019-07-11 00:00:00,9.6,9.49,9.69,9.48,14.736,0.00284,68189443,650696712.0,-1.042752867570382,9.59,2019-07-11
122,HK.01810,2019-07-12 00:00:00,9.68,9.44,9.68,9.43,14.658,0.0031,74271930,705600357.0,-0.526870389884096,9.49,2019-07-12
123,HK.01810,2019-07-15 00:00:00,9.45,9.36,9.45,9.28,14.534,0.00413,71694860,671193713.0,-0.8474576271186449,9.44,2019-07-15
124,HK.01810,2019-07-16 00:00:00,9.4,9.3,9.45,9.28,14.44,0.00508,88195771,821772027.0,-0.6410256410256274,9.36,2019-07-16
125,HK.01810,2019-07-17 00:00:00,9.26,9.11,9.28,9.1,14.145,0.00482,83593324,765868170.0,-2.0430107526881858,9.3,2019-07-17
126,HK.01810,2019-07-18 00:00:00,9.08,9.0,9.08,8.99,13.975,0.00488,84684758,762836595.0,-1.2074643249176666,9.11,2019-07-18
127,HK.01810,2019-07-19 00:00:00,9.0,9.11,9.2,9.0,14.145,0.00342,59402001,539714765.0,1.2222222222222159,9.0,2019-07-19
128,HK.01810,2019-07-22 00:00:00,9.03,8.95,9.06,8.92,13.897,0.00372,64653681,579365654.0,-1.7563117453347987,9.11,2019-07-22
129,HK.01810,2019-07-23 00:00:00,8.97,9.07,9.16,8.97,14.083,0.00232,40208040,365651785.0,1.3407821229050392,8.95,2019-07-23
130,HK.01810,2019-07-24 00:00:00,9.15,9.1,9.24,9.1,14.13,0.00349,60603951,555613553.0,0.330760749724359,9.07,2019-07-24
131,HK.01810,2019-07-25 00:00:00,9.16,9.22,9.26,9.14,14.316,0.00351,60869873,561923921.0,1.3186813186813295,9.1,2019-07-25
132,HK.01810,2019-07-26 00:00:00,9.19,9.12,9.19,9.07,14.161,0.00211,36603581,333893134.0,-1.084598698481577,9.22,2019-07-26
133,HK.01810,2019-07-29 00:00:00,9.11,9.07,9.13,8.98,14.083,0.00203,35236909,318065700.0,-0.5482456140350761,9.12,2019-07-29
134,HK.01810,2019-07-30 00:00:00,9.1,9.02,9.15,8.99,14.006,0.00149,25925922,234296537.0,-0.5512679162072845,9.07,2019-07-30
135,HK.01810,2019-07-31 00:00:00,9.0,9.05,9.1,8.98,14.052,0.00133,23016132,207919003.0,0.33259423503327207,9.02,2019-07-31
136,HK.01810,2019-08-01 00:00:00,9.02,9.02,9.04,8.97,14.006,0.0024,41720986,375388206.0,-0.33149171270719485,9.05,2019-08-01
137,HK.01810,2019-08-02 00:00:00,8.88,8.8,8.93,8.79,13.664,0.00398,69130459,611121479.0,-2.43902439024389,9.02,2019-08-02
138,HK.01810,2019-08-05 00:00:00,8.8,8.92,9.25,8.79,13.85,0.00585,101547478,913216236.0,1.3636363636363547,8.8,2019-08-05
139,HK.01810,2019-08-06 00:00:00,8.8,8.66,8.8,8.37,13.447,0.00533,92542291,794521930.0,-2.9147982062780247,8.92,2019-08-06
140,HK.01810,2019-08-07 00:00:00,8.7,8.65,8.79,8.5,13.431,0.004,69432818,596168261.0,-0.11547344110854256,8.66,2019-08-07
141,HK.01810,2019-08-08 00:00:00,8.98,8.91,9.04,8.73,13.835,0.00647,112333802,1001819790.0,3.005780346820807,8.65,2019-08-08
142,HK.01810,2019-08-09 00:00:00,9.0,8.94,9.11,8.94,13.881,0.00511,88624879,799588043.0,0.3367003367003295,8.91,2019-08-09
143,HK.01810,2019-08-12 00:00:00,9.0,8.95,9.02,8.92,13.897,0.00181,31415667,281842613.0,0.11185682326621685,8.94,2019-08-12
144,HK.01810,2019-08-13 00:00:00,8.85,8.82,9.0,8.79,13.695,0.00235,40827015,363264482.0,-1.4525139664804358,8.95,2019-08-13
145,HK.01810,2019-08-14 00:00:00,9.0,9.0,9.09,8.89,13.975,0.00493,85573563,772488969.0,2.040816326530609,8.82,2019-08-14
146,HK.01810,2019-08-15 00:00:00,8.8,8.81,8.88,8.66,13.68,0.00586,101629287,891265267.0,-2.111111111111106,9.0,2019-08-15
147,HK.01810,2019-08-16 00:00:00,8.8,8.92,9.06,8.7,13.85,0.00444,77069016,687064956.0,1.248581157775249,8.81,2019-08-16
148,HK.01810,2019-08-19 00:00:00,9.0,9.14,9.21,8.97,14.192,0.00526,91239877,833593946.0,2.4663677130044914,8.92,2019-08-19
149,HK.01810,2019-08-20 00:00:00,9.2,9.43,9.55,9.14,14.642,0.00832,144494213,1356190773.0,3.1728665207877365,9.14,2019-08-20
150,HK.01810,2019-08-21 00:00:00,9.5,8.96,9.63,8.81,13.913,0.0157,271630931,2457553993.0,-4.9840933191940495,9.43,2019-08-21
151,HK.01810,2019-08-22 00:00:00,9.0,8.87,9.03,8.85,13.773,0.0036,62258691,556055339.0,-1.0044642857143038,8.96,2019-08-22
152,HK.01810,2019-08-23 00:00:00,8.87,8.96,9.0,8.81,13.913,0.0032,55416927,494561160.0,1.0146561443066702,8.87,2019-08-23
153,HK.01810,2019-08-26 00:00:00,8.7,8.7,8.72,8.53,13.509,0.00543,93905693,811893415.0,-2.9017857142857313,8.96,2019-08-26
154,HK.01810,2019-08-27 00:00:00,8.76,8.79,8.81,8.6,13.649,0.01548,267786398,2345281540.0,1.0344827586206882,8.7,2019-08-27
155,HK.01810,2019-08-28 00:00:00,8.7,8.82,8.91,8.64,13.695,0.00856,148059208,1300172407.0,0.341296928327658,8.79,2019-08-28
156,HK.01810,2019-08-29 00:00:00,8.88,8.53,8.88,8.46,13.245,0.00574,99376257,854011955.0,-3.287981859410441,8.82,2019-08-29
157,HK.01810,2019-08-30 00:00:00,8.66,8.53,8.67,8.5,13.245,0.0036,62219585,531903779.0,0.0,8.53,2019-08-30
158,HK.01810,2019-09-02 00:00:00,8.53,8.35,8.54,8.28,12.965,0.00509,88123456,739235586.0,-2.110199296600231,8.53,2019-09-02
159,HK.01810,2019-09-03 00:00:00,8.66,8.7,8.92,8.64,13.509,0.01056,182722264,1605710352.0,4.191616766467062,8.35,2019-09-03
160,HK.01810,2019-09-04 00:00:00,8.7,8.65,8.76,8.59,13.431,0.00942,162933968,1408225601.0,-0.5747126436781487,8.7,2019-09-04
161,HK.01810,2019-09-05 00:00:00,8.65,8.94,8.98,8.64,13.881,0.00485,83905736,745293265.0,3.3526011560693543,8.65,2019-09-05
162,HK.01810,2019-09-06 00:00:00,8.97,9.08,9.18,8.94,14.099,0.00711,123023585,1119778232.0,1.5659955257270757,8.94,2019-09-06
163,HK.01810,2019-09-09 00:00:00,9.14,9.13,9.15,9.03,14.177,0.00368,63635189,579392575.0,0.5506607929515497,9.08,2019-09-09
164,HK.01810,2019-09-10 00:00:00,9.17,9.22,9.29,9.07,14.316,0.00448,77590668,714680557.0,0.9857612267250805,9.13,2019-09-10
165,HK.01810,2019-09-11 00:00:00,9.25,9.27,9.27,9.11,14.394,0.00435,75239701,692228261.0,0.5422993492407693,9.22,2019-09-11
166,HK.01810,2019-09-12 00:00:00,9.26,9.4,9.49,9.18,14.596,0.00521,90123971,844278487.0,1.4023732470334498,9.27,2019-09-12
167,HK.01810,2019-09-13 00:00:00,9.4,9.48,9.49,9.31,14.72,0.00309,53491068,504643020.0,0.8510638297872347,9.4,2019-09-13
168,HK.01810,2019-09-16 00:00:00,9.46,9.34,9.46,9.25,14.503,0.00267,46137027,429869220.0,-1.4767932489451536,9.48,2019-09-16
169,HK.01810,2019-09-17 00:00:00,9.34,9.07,9.34,9.0,14.083,0.00486,84136724,763726980.0,-2.8907922912205524,9.34,2019-09-17
170,HK.01810,2019-09-18 00:00:00,9.11,9.15,9.26,9.07,14.208,0.00292,50554416,463126066.0,0.8820286659316435,9.07,2019-09-18
171,HK.01810,2019-09-19 00:00:00,9.19,9.14,9.21,9.07,14.192,0.00296,51150472,466864588.0,-0.10928961748633645,9.15,2019-09-19
172,HK.01810,2019-09-20 00:00:00,9.19,9.25,9.32,9.16,14.363,0.00479,82893218,766361518.0,1.2035010940918973,9.14,2019-09-20
173,HK.01810,2019-09-23 00:00:00,9.3,9.32,9.5,9.24,14.472,0.00471,81552912,763451483.0,0.7567567567567599,9.25,2019-09-23
174,HK.01810,2019-09-24 00:00:00,9.34,9.32,9.38,9.21,14.472,0.00334,57713290,536366377.0,0.0,9.32,2019-09-24
175,HK.01810,2019-09-25 00:00:00,9.28,8.91,9.28,8.82,13.835,0.00795,137591132,1229416427.0,-4.399141630901289,9.32,2019-09-25
176,HK.01810,2019-09-26 00:00:00,9.0,8.89,9.04,8.81,13.804,0.00327,56616118,504078493.0,-0.224466891133553,8.91,2019-09-26
177,HK.01810,2019-09-27 00:00:00,8.83,8.7,8.85,8.7,13.509,0.00385,66666907,582875844.0,-2.1372328458942778,8.89,2019-09-27
178,HK.01810,2019-09-30 00:00:00,8.7,8.8,8.8,8.62,13.664,0.00447,77374624,677668405.0,1.1494252873563382,8.7,2019-09-30
179,HK.01810,2019-10-02 00:00:00,8.83,8.75,8.86,8.73,13.586,0.00215,37139100,326684687.0,-0.5681818181818262,8.8,2019-10-02
180,HK.01810,2019-10-03 00:00:00,8.74,8.9,8.9,8.71,13.819,0.00193,33317538,294343434.0,1.7142857142857182,8.75,2019-10-03
181,HK.01810,2019-10-04 00:00:00,8.88,8.95,9.02,8.83,13.897,0.00273,47256266,422731633.0,0.5617977528089768,8.9,2019-10-04
182,HK.01810,2019-10-08 00:00:00,8.85,8.79,8.95,8.74,13.649,0.00341,59036575,520076284.0,-1.7877094972067056,8.95,2019-10-08
183,HK.01810,2019-10-09 00:00:00,8.77,8.67,8.78,8.63,13.462,0.00195,33659935,292150556.0,-1.3651877133105714,8.79,2019-10-09
184,HK.01810,2019-10-10 00:00:00,8.72,8.8,8.87,8.67,13.664,0.00192,33262805,292595577.0,1.4994232987312661,8.67,2019-10-10
185,HK.01810,2019-10-11 00:00:00,8.82,8.88,9.09,8.81,13.788,0.00325,56246296,503528791.0,0.9090909090909097,8.8,2019-10-11
186,HK.01810,2019-10-14 00:00:00,9.0,8.93,9.05,8.88,13.866,0.00257,44548971,398884775.0,0.563063063063051,8.88,2019-10-14
187,HK.01810,2019-10-15 00:00:00,8.93,8.82,8.94,8.77,13.695,0.00158,27352007,241140050.0,-1.2318029115341482,8.93,2019-10-15
188,HK.01810,2019-10-16 00:00:00,8.8,8.64,8.95,8.58,13.416,0.0049,84718135,733187122.0,-2.040816326530609,8.82,2019-10-16
189,HK.01810,2019-10-17 00:00:00,8.53,8.64,8.66,8.52,13.416,0.00266,45955450,396169494.0,0.0,8.64,2019-10-17
190,HK.01810,2019-10-18 00:00:00,8.58,8.55,8.62,8.52,13.276,0.00295,51110519,437594531.0,-1.041666666666665,8.64,2019-10-18
191,HK.01810,2019-10-21 00:00:00,8.89,8.98,9.13,8.85,13.944,0.01322,228778652,2058970795.0,5.029239766081868,8.55,2019-10-21
192,HK.01810,2019-10-22 00:00:00,8.95,8.85,8.99,8.73,13.742,0.00726,125667269,1104798655.0,-1.4476614699331936,8.98,2019-10-22
193,HK.01810,2019-10-23 00:00:00,8.87,8.99,9.0,8.82,13.959,0.00563,97747823,876700977.0,1.5819209039548088,8.85,2019-10-23
194,HK.01810,2019-10-24 00:00:00,8.99,9.04,9.08,8.88,13.696,0.00565,135745077,1223102802.0,0.5561735261401438,8.99,2019-10-24
195,HK.01810,2019-10-25 00:00:00,9.04,9.06,9.12,8.96,13.727,0.00555,133395946,1205085143.0,0.22123893805311232,9.04,2019-10-25
196,HK.01810,2019-10-28 00:00:00,9.3,9.19,9.48,9.15,13.924,0.00944,226791453,2103253692.0,1.434878587196457,9.06,2019-10-28
197,HK.01810,2019-10-29 00:00:00,9.19,8.86,9.25,8.82,13.424,0.00568,136425269,1220716086.0,-3.590859630032645,9.19,2019-10-29
198,HK.01810,2019-10-30 00:00:00,8.93,8.79,8.93,8.72,13.318,0.00293,70443248,620484840.0,-0.7900677200902968,8.86,2019-10-30
199,HK.01810,2019-10-31 00:00:00,8.73,8.9,8.94,8.72,13.484,0.00324,77794785,690128131.0,1.2514220705347123,8.79,2019-10-31
200,HK.01810,2019-11-01 00:00:00,8.85,8.96,8.97,8.77,13.575,0.00267,64201980,570921525.0,0.674157303370792,8.9,2019-11-01
201,HK.01810,2019-11-04 00:00:00,8.91,9.03,9.1,8.91,13.681,0.0045,108020147,976061731.0,0.7812499999999832,8.96,2019-11-04
202,HK.01810,2019-11-05 00:00:00,9.07,9.03,9.07,8.97,13.681,0.00314,75440687,679914478.0,0.0,9.03,2019-11-05
203,HK.01810,2019-11-06 00:00:00,9.06,8.94,9.07,8.92,13.545,0.00268,64362518,578931918.0,-0.9966777408637859,9.03,2019-11-06
204,HK.01810,2019-11-07 00:00:00,8.94,8.93,8.96,8.87,13.53,0.00235,56436367,501819436.0,-0.11185682326621685,8.94,2019-11-07
205,HK.01810,2019-11-08 00:00:00,8.95,8.84,8.98,8.83,13.393,0.00177,42667260,378485229.0,-1.0078387458006703,8.93,2019-11-08
206,HK.01810,2019-11-11 00:00:00,8.85,8.54,8.85,8.52,12.939,0.00501,120421161,1034827858.0,-3.3936651583710487,8.84,2019-11-11
207,HK.01810,2019-11-12 00:00:00,8.66,8.69,8.71,8.51,13.166,0.00275,66151144,571612298.0,1.7564402810304494,8.54,2019-11-12
208,HK.01810,2019-11-13 00:00:00,8.77,8.55,8.77,8.51,12.954,0.00368,88557839,764013147.0,-1.61104718066742,8.69,2019-11-13
209,HK.01810,2019-11-14 00:00:00,8.59,8.48,8.62,8.45,12.848,0.00267,64143315,546220646.0,-0.8187134502924008,8.55,2019-11-14
210,HK.01810,2019-11-15 00:00:00,8.53,8.51,8.55,8.48,12.893,0.00166,39869154,339255555.0,0.35377358490565286,8.48,2019-11-15
211,HK.01810,2019-11-18 00:00:00,8.54,8.47,8.56,8.41,12.833,0.00285,68443946,579882145.0,-0.4700352526439383,8.51,2019-11-18
212,HK.01810,2019-11-19 00:00:00,8.5,8.56,8.6,8.45,12.969,0.00305,73453575,626199717.0,1.0625737898465155,8.47,2019-11-19
213,HK.01810,2019-11-20 00:00:00,8.58,8.55,8.61,8.51,12.954,0.00192,46261234,396159910.0,-0.11682242990653956,8.56,2019-11-20
214,HK.01810,2019-11-21 00:00:00,8.54,8.4,8.54,8.38,12.727,0.00266,64050218,539917602.0,-1.7543859649122848,8.55,2019-11-21
215,HK.01810,2019-11-22 00:00:00,8.4,8.39,8.44,8.35,12.712,0.00282,67758019,568478959.0,-0.1190476190476165,8.4,2019-11-22
216,HK.01810,2019-11-25 00:00:00,8.4,8.6,8.62,8.38,13.03,0.00286,68855731,588340848.0,2.502979737783064,8.39,2019-11-25
217,HK.01810,2019-11-26 00:00:00,8.6,8.62,8.73,8.55,13.06,0.00347,83452023,721311467.0,0.23255813953487878,8.6,2019-11-26
218,HK.01810,2019-11-27 00:00:00,8.68,8.73,8.75,8.63,13.227,0.00306,73594606,640773459.0,1.2761020881670675,8.62,2019-11-27
219,HK.01810,2019-11-28 00:00:00,8.81,8.89,9.16,8.8,13.469,0.01102,264912274,2386080566.0,1.832760595647195,8.73,2019-11-28
220,HK.01810,2019-11-29 00:00:00,8.92,8.95,9.01,8.76,13.56,0.00661,158849737,1411150421.0,0.6749156355455423,8.89,2019-11-29
221,HK.01810,2019-12-02 00:00:00,8.97,8.93,9.02,8.83,13.571,0.00447,107412610,955342450.0,-0.22346368715083326,8.95,2019-12-02
222,HK.01810,2019-12-03 00:00:00,8.93,9.01,9.05,8.8,13.63,0.00611,147325642,1324771496.0,0.8958566629339314,8.93,2019-12-03
223,HK.01810,2019-12-04 00:00:00,8.94,9.0,9.16,8.92,13.615,0.00561,134747942,1221800839.0,-0.11098779134294992,9.01,2019-12-04
224,HK.01810,2019-12-05 00:00:00,9.1,9.07,9.1,8.96,13.721,0.00418,100317107,909160962.0,0.777777777777781,9.0,2019-12-05
225,HK.01810,2019-12-06 00:00:00,9.07,9.34,9.35,9.04,14.151,0.00947,227486578,2109329022.0,2.9768467475192897,9.07,2019-12-06
226,HK.01810,2019-12-09 00:00:00,9.39,9.32,9.48,9.32,14.121,0.00611,146799790,1380130516.0,-0.2141327623126293,9.34,2019-12-09
227,HK.01810,2019-12-10 00:00:00,9.35,9.21,9.38,9.2,13.954,0.00427,102673216,952108734.0,-1.1802575107296076,9.32,2019-12-10
228,HK.01810,2019-12-11 00:00:00,9.24,9.99,10.0,9.22,15.136,0.01795,431132280,4205168631.0,8.469055374592827,9.21,2019-12-11
229,HK.01810,2019-12-12 00:00:00,9.94,9.93,10.12,9.85,15.045,0.01116,268007812,2670023017.0,-0.6006006006006055,9.99,2019-12-12
230,HK.01810,2019-12-13 00:00:00,10.04,10.4,10.48,10.02,15.757,0.01571,377449850,3894532903.0,4.733131923464256,9.93,2019-12-13
231,HK.01810,2019-12-16 00:00:00,10.3,10.52,10.74,10.3,15.939,0.01093,262630774,2785851673.0,1.1538461538461462,10.4,2019-12-16
232,HK.01810,2019-12-17 00:00:00,10.68,10.68,10.88,10.54,16.181,0.00839,201590813,2156763451.0,1.5209125475285186,10.52,2019-12-17
233,HK.01810,2019-12-18 00:00:00,10.6,10.5,10.66,10.32,15.909,0.0079,189802722,1986610598.0,-1.6853932584269637,10.68,2019-12-18
234,HK.01810,2019-12-19 00:00:00,10.48,10.36,10.5,10.12,15.696,0.00663,159328435,1641301967.0,-1.3333333333333388,10.5,2019-12-19
235,HK.01810,2019-12-20 00:00:00,10.52,10.34,10.52,10.24,15.666,0.00488,117325563,1215665696.0,-0.19305019305018895,10.36,2019-12-20
236,HK.01810,2019-12-23 00:00:00,10.36,10.24,10.38,10.18,15.515,0.00405,97229098,997384629.0,-0.9671179883945807,10.34,2019-12-23
237,HK.01810,2019-12-24 00:00:00,10.3,10.56,10.58,10.24,16.0,0.00477,114541134,1201214343.0,3.1250000000000027,10.24,2019-12-24
238,HK.01810,2019-12-27 00:00:00,10.52,10.8,10.92,10.5,16.363,0.00834,200337570,2167074130.0,2.2727272727272747,10.56,2019-12-27
239,HK.01810,2019-12-30 00:00:00,10.8,10.64,10.88,10.62,16.121,0.00567,136166581,1465130774.0,-1.4814814814814827,10.8,2019-12-30
240,HK.01810,2019-12-31 00:00:00,10.62,10.78,10.84,10.62,16.333,0.00281,67507463,726413358.0,1.315789473684199,10.64,2019-12-31
241,HK.01810,2020-01-02 00:00:00,10.86,11.22,11.22,10.78,17.0,0.01036,248889455,2757480820.0,4.081632653061237,10.78,2020-01-02
242,HK.01810,2020-01-03 00:00:00,11.2,10.9,11.44,10.9,16.515,0.00914,219547199,2446975226.0,-2.8520499108734425,11.22,2020-01-03
243,HK.01810,2020-01-06 00:00:00,10.72,10.98,11.18,10.64,16.636,0.00748,179639996,1969578918.0,0.733944954128441,10.9,2020-01-06
244,HK.01810,2020-01-07 00:00:00,11.06,11.0,11.3,10.92,16.666,0.00713,171287427,1899589935.0,0.18214936247722746,10.98,2020-01-07
245,HK.01810,2020-01-08 00:00:00,10.82,11.08,11.28,10.82,16.838,0.00788,189314498,2098840131.0,0.7272727272727278,11.0,2020-01-08
246,HK.01810,2020-01-09 00:00:00,11.3,11.5,11.5,11.22,17.477,0.00775,186855215,2125542784.0,3.7906137184115516,11.08,2020-01-09
247,HK.01810,2020-01-10 00:00:00,11.6,11.42,11.62,11.4,17.355,0.00629,151578463,1745616297.0,-0.6956521739130441,11.5,2020-01-10
248,HK.01810,2020-01-13 00:00:00,11.52,11.9,11.9,11.44,18.085,0.00668,161150695,1895326189.0,4.203152364273208,11.42,2020-01-13
249,HK.01810,2020-01-14 00:00:00,11.96,11.68,12.04,11.62,17.75,0.01031,248618005,2945162630.0,-1.8487394957983245,11.9,2020-01-14
250,HK.01810,2020-01-15 00:00:00,11.66,12.26,12.26,11.66,18.632,0.0103,248326019,2977013666.0,4.965753424657534,11.68,2020-01-15
251,HK.01810,2020-01-16 00:00:00,12.1,12.22,12.38,12.04,18.571,0.00926,223205730,2726352470.0,-0.3262642740619832,12.26,2020-01-16
252,HK.01810,2020-01-17 00:00:00,12.3,13.24,13.46,12.28,20.03,0.01809,436141742,5672521831.0,8.346972176759406,12.22,2020-01-17
253,HK.01810,2020-01-20 00:00:00,13.58,13.3,13.94,13.28,20.121,0.01278,306785923,4150335337.0,0.45317220543807024,13.24,2020-01-20
254,HK.01810,2020-01-21 00:00:00,13.28,12.76,13.28,12.74,19.304,0.01179,283025289,3656366957.0,-4.060150375939856,13.3,2020-01-21
255,HK.01810,2020-01-22 00:00:00,12.82,13.9,14.0,12.68,21.028,0.01289,309519548,4148150592.0,8.93416927899687,12.76,2020-01-22
256,HK.01810,2020-01-23 00:00:00,13.56,13.28,13.72,12.8,20.09,0.01306,313410180,4154073676.0,-4.460431654676266,13.9,2020-01-23
257,HK.01810,2020-01-24 00:00:00,13.32,13.34,13.68,13.02,20.181,0.00477,114577196,1532249988.0,0.45180722891566644,13.28,2020-01-24
258,HK.01810,2020-01-29 00:00:00,12.78,12.6,13.18,12.52,19.062,0.01272,305449628,3907833589.0,-5.5472263868065985,13.34,2020-01-29
259,HK.01810,2020-01-30 00:00:00,12.58,11.76,12.74,11.44,17.791,0.01455,349186547,4158313568.0,-6.666666666666665,12.6,2020-01-30
260,HK.01810,2020-01-31 00:00:00,11.98,11.52,12.18,11.52,17.428,0.0093,223262918,2640105669.0,-2.040816326530614,11.76,2020-01-31
261,HK.01810,2020-02-03 00:00:00,11.3,12.02,12.36,11.0,18.184,0.01566,375836396,4437889103.0,4.340277777777778,11.52,2020-02-03
262,HK.01810,2020-02-04 00:00:00,12.26,12.54,12.8,12.2,18.971,0.01222,293328793,3676266732.0,4.326123128119797,12.02,2020-02-04
263,HK.01810,2020-02-05 00:00:00,12.7,12.64,13.18,12.5,19.122,0.01385,332528060,4258603855.0,0.7974481658692298,12.54,2020-02-05
264,HK.01810,2020-02-06 00:00:00,12.9,12.82,13.04,12.56,19.394,0.00861,206710927,2660358396.0,1.42405063291139,12.64,2020-02-06
265,HK.01810,2020-02-07 00:00:00,12.82,12.84,13.08,12.64,19.425,0.00725,174008032,2241732182.0,0.15600624024960666,12.82,2020-02-07
266,HK.01810,2020-02-10 00:00:00,12.66,12.96,13.02,12.6,19.606,0.00874,209946946,2705277658.0,0.9345794392523442,12.84,2020-02-10
267,HK.01810,2020-02-11 00:00:00,13.02,12.78,13.16,12.78,19.334,0.00735,176487285,2277629719.0,-1.3888888888889002,12.96,2020-02-11
268,HK.01810,2020-02-12 00:00:00,12.78,12.92,12.98,12.44,19.546,0.00861,206694750,2631046387.0,1.095461658841945,12.78,2020-02-12
269,HK.01810,2020-02-13 00:00:00,13.0,13.38,13.64,12.78,20.242,0.01541,370025107,4882185506.0,3.5603715170278702,12.92,2020-02-13
270,HK.01810,2020-02-14 00:00:00,13.28,13.1,13.58,13.0,19.818,0.00888,213335678,2820528104.0,-2.0926756352765405,13.38,2020-02-14
271,HK.01810,2020-02-17 00:00:00,13.0,13.28,13.34,13.0,20.09,0.00631,151582824,2008729561.0,1.3740458015267154,13.1,2020-02-17
272,HK.01810,2020-02-18 00:00:00,13.18,12.82,13.44,12.66,19.394,0.01172,281500643,3673341615.0,-3.4638554216867403,13.28,2020-02-18
273,HK.01810,2020-02-19 00:00:00,12.76,12.88,13.04,12.76,19.485,0.00486,116648739,1503284456.0,0.46801872074883377,12.82,2020-02-19
274,HK.01810,2020-02-20 00:00:00,13.0,12.9,13.04,12.8,19.515,0.00402,96554307,1247755820.0,0.15527950310558675,12.88,2020-02-20
275,HK.01810,2020-02-21 00:00:00,12.88,12.72,12.92,12.7,19.243,0.00494,118516742,1515864801.0,-1.3953488372093001,12.9,2020-02-21
276,HK.01810,2020-02-24 00:00:00,12.56,12.32,12.6,12.08,18.638,0.00959,230243439,2826880380.0,-3.1446540880503173,12.72,2020-02-24
277,HK.01810,2020-02-25 00:00:00,12.06,12.64,12.72,12.06,19.122,0.01013,243238089,3030046925.0,2.5974025974025996,12.32,2020-02-25
278,HK.01810,2020-02-26 00:00:00,12.36,12.46,12.64,12.34,18.85,0.00523,125562888,1571862872.0,-1.42405063291139,12.64,2020-02-26
279,HK.01810,2020-02-27 00:00:00,12.42,12.9,13.0,12.42,19.515,0.00604,144988949,1845301400.0,3.5313001605136396,12.46,2020-02-27
280,HK.01810,2020-02-28 00:00:00,12.46,12.56,12.78,12.2,19.001,0.01769,424688661,5304482694.0,-2.635658914728681,12.9,2020-02-28
281,HK.01810,2020-03-02 00:00:00,12.56,12.94,13.04,12.34,19.576,0.01057,253741171,3235917110.0,3.0254777070063614,12.56,2020-03-02
282,HK.01810,2020-03-03 00:00:00,13.26,12.78,13.4,12.72,19.334,0.00711,170657961,2228287808.0,-1.2364760432766626,12.94,2020-03-03
283,HK.01810,2020-03-04 00:00:00,12.88,12.94,12.96,12.5,19.576,0.0053,127184705,1621950000.0,1.2519561815336475,12.78,2020-03-04
284,HK.01810,2020-03-05 00:00:00,13.1,13.1,13.26,12.96,19.818,0.00636,152699836,2008009800.0,1.2364760432766626,12.94,2020-03-05
285,HK.01810,2020-03-06 00:00:00,12.9,12.98,13.12,12.9,19.666,0.00422,101256776,1314366713.0,-0.9160305343511391,13.1,2020-03-06
286,HK.01810,2020-03-09 00:00:00,12.48,12.06,12.66,11.98,18.272,0.01042,250250033,3078590679.0,-7.087827426810477,12.98,2020-03-09
287,HK.01810,2020-03-10 00:00:00,12.2,12.04,12.3,11.58,18.242,0.01009,242481215,2920955121.0,-0.16583747927032627,12.06,2020-03-10
288,HK.01810,2020-03-11 00:00:00,12.0,11.72,12.16,11.54,17.757,0.00804,193249385,2284032008.0,-2.6578073089700878,12.04,2020-03-11
289,HK.01810,2020-03-12 00:00:00,11.4,11.1,11.4,11.0,16.818,0.01193,286469022,3183603150.0,-5.290102389078506,11.72,2020-03-12
290,HK.01810,2020-03-13 00:00:00,10.1,10.98,11.14,10.1,16.636,0.01216,291997257,3094898034.0,-1.081081081081074,11.1,2020-03-13
291,HK.01810,2020-03-16 00:00:00,10.8,10.2,10.88,10.02,15.454,0.01055,253320633,2623024836.0,-7.103825136612032,10.98,2020-03-16
292,HK.01810,2020-03-17 00:00:00,10.16,10.14,10.46,9.78,15.363,0.0093,223426011,2258867279.0,-0.5882352941176345,10.2,2020-03-17
293,HK.01810,2020-03-18 00:00:00,10.16,9.71,10.44,9.6,14.712,0.00798,191627233,1918554385.0,-4.240631163708083,10.14,2020-03-18
294,HK.01810,2020-03-19 00:00:00,9.85,9.53,9.9,9.2,14.439,0.00959,230414773,2189905414.0,-1.8537590113285425,9.71,2020-03-19
295,HK.01810,2020-03-20 00:00:00,9.82,10.16,10.22,9.8,15.393,0.01159,278485618,2798164494.0,6.610703043022044,9.53,2020-03-20
296,HK.01810,2020-03-23 00:00:00,9.66,9.5,9.81,9.43,14.393,0.00776,186372645,1789403235.0,-6.496062992125985,10.16,2020-03-23
297,HK.01810,2020-03-24 00:00:00,9.82,10.0,10.16,9.78,15.151,0.00761,182860440,1832754834.0,5.263157894736842,9.5,2020-03-24
298,HK.01810,2020-03-25 00:00:00,10.46,10.34,10.5,10.1,15.666,0.00792,190150223,1964593107.0,3.399999999999999,10.0,2020-03-25
299,HK.01810,2020-03-26 00:00:00,10.34,10.24,10.44,10.14,15.515,0.00573,137555970,1413940219.0,-0.9671179883945807,10.34,2020-03-26
300,HK.01810,2020-03-27 00:00:00,10.5,10.2,10.58,10.14,15.454,0.00489,117460011,1215819968.0,-0.390625000000009,10.24,2020-03-27
301,HK.01810,2020-03-30 00:00:00,9.93,10.06,10.28,9.9,15.242,0.00438,105212599,1058047353.0,-1.3725490196078314,10.2,2020-03-30
302,HK.01810,2020-03-31 00:00:00,10.32,10.44,10.5,10.22,15.818,0.00487,117140723,1216815152.0,3.7773359840954175,10.06,2020-03-31
303,HK.01810,2020-04-01 00:00:00,10.38,10.2,10.62,10.02,15.454,0.0066,158593942,1632847499.0,-2.2988505747126458,10.44,2020-04-01
304,HK.01810,2020-04-02 00:00:00,10.14,10.38,10.42,10.04,22.713,0.00335,80611901,830018505.0,1.764705882352956,10.2,2020-04-02
305,HK.01810,2020-04-03 00:00:00,10.4,10.26,10.42,10.16,22.45,0.00304,73152317,751742406.0,-1.1560693641618591,10.38,2020-04-03
306,HK.01810,2020-04-06 00:00:00,10.46,10.5,10.58,10.16,22.975,0.00378,90857989,946963412.0,2.3391812865497097,10.26,2020-04-06
307,HK.01810,2020-04-07 00:00:00,10.6,10.48,10.74,10.12,22.932,0.00796,191342565,1991333179.0,-0.1904761904761864,10.5,2020-04-07
308,HK.01810,2020-04-08 00:00:00,10.3,10.18,10.36,10.04,22.275,0.00773,186014314,1889733112.0,-2.862595419847335,10.48,2020-04-08
309,HK.01810,2020-04-09 00:00:00,10.22,10.14,10.28,10.06,22.188,0.00551,132537620,1344657185.0,-0.3929273084479288,10.18,2020-04-09
310,HK.01810,2020-04-14 00:00:00,10.2,10.18,10.22,9.94,22.275,0.00727,174767316,1759350640.0,0.3944773175542322,10.14,2020-04-14
311,HK.01810,2020-04-15 00:00:00,10.3,10.48,10.8,10.24,22.932,0.01185,284993347,3001137516.0,2.9469548133595356,10.18,2020-04-15
312,HK.01810,2020-04-16 00:00:00,10.48,10.42,10.52,10.28,22.8,0.00506,121821624,1266151457.0,-0.5725190839694704,10.48,2020-04-16
313,HK.01810,2020-04-17 00:00:00,10.58,10.4,10.68,10.32,22.757,0.00559,134524610,1413128605.0,-0.19193857965450647,10.42,2020-04-17
314,HK.01810,2020-04-20 00:00:00,10.48,10.34,10.5,10.24,22.625,0.00289,69463703,716406436.0,-0.5769230769230818,10.4,2020-04-20
315,HK.01810,2020-04-21 00:00:00,10.26,10.04,10.32,9.96,21.969,0.00594,142941791,1435570623.0,-2.9013539651837594,10.34,2020-04-21
316,HK.01810,2020-04-22 00:00:00,9.9,10.12,10.12,9.83,22.144,0.00333,80169011,801453133.0,0.7968127490039849,10.04,2020-04-22
317,HK.01810,2020-04-23 00:00:00,10.28,10.16,10.32,10.08,22.231,0.00421,101151620,1033066560.0,0.3952569169960566,10.12,2020-04-23
318,HK.01810,2020-04-24 00:00:00,10.2,10.0,10.2,10.0,21.881,0.0039,93821990,945537681.0,-1.5748031496063006,10.16,2020-04-24
319,HK.01810,2020-04-27 00:00:00,10.04,10.08,10.24,10.04,22.056,0.00356,85644939,867827410.0,0.8000000000000007,10.0,2020-04-27
320,HK.01810,2020-04-28 00:00:00,10.16,10.28,10.28,10.02,22.494,0.00404,97064248,987044568.0,1.984126984126977,10.08,2020-04-28
321,HK.01810,2020-04-29 00:00:00,10.28,10.2,10.34,10.16,22.319,0.00271,65114874,665730834.0,-0.7782101167315182,10.28,2020-04-29
322,HK.01810,2020-05-04 00:00:00,9.98,10.0,10.04,9.93,21.881,0.00517,124397182,1242750021.0,-1.9607843137254832,10.2,2020-05-04
323,HK.01810,2020-05-05 00:00:00,10.1,10.08,10.12,9.99,22.056,0.00268,64447054,647884376.0,0.8000000000000007,10.0,2020-05-05
324,HK.01810,2020-05-06 00:00:00,10.04,10.5,10.68,10.04,22.975,0.01064,255864088,2681809143.0,4.166666666666666,10.08,2020-05-06
325,HK.01810,2020-05-07 00:00:00,10.42,10.36,10.56,10.36,22.669,0.00383,92024565,961251828.0,-1.3333333333333388,10.5,2020-05-07
326,HK.01810,2020-05-08 00:00:00,10.5,11.2,11.48,10.48,24.507,0.01513,364071268,4023158533.0,8.108108108108107,10.36,2020-05-08
327,HK.01810,2020-05-11 00:00:00,11.5,11.5,11.84,11.36,25.164,0.00911,219091895,2540018732.0,2.678571428571435,11.2,2020-05-11
328,HK.01810,2020-05-12 00:00:00,11.46,11.64,11.88,11.4,25.47,0.00654,157421270,1839940838.0,1.217391304347831,11.5,2020-05-12
329,HK.01810,2020-05-13 00:00:00,11.64,11.82,11.9,11.5,25.864,0.00668,160605331,1892238554.0,1.546391752577317,11.64,2020-05-13
330,HK.01810,2020-05-14 00:00:00,11.76,11.96,12.0,11.72,26.17,0.0071,170791073,2034317690.0,1.1844331641286003,11.82,2020-05-14
331,HK.01810,2020-05-15 00:00:00,12.0,11.96,12.3,11.94,26.17,0.00631,151882125,1834035406.0,0.0,11.96,2020-05-15
332,HK.01810,2020-05-18 00:00:00,12.44,12.04,12.44,11.62,26.345,0.01119,269250656,3256697722.0,0.6688963210702198,11.96,2020-05-18
333,HK.01810,2020-05-19 00:00:00,12.4,12.66,12.82,12.1,27.702,0.01165,280366420,3495235554.0,5.149501661129577,12.04,2020-05-19
334,HK.01810,2020-05-20 00:00:00,12.68,12.8,12.92,12.5,28.008,0.00849,204333223,2608471713.0,1.10584518167457,12.66,2020-05-20
335,HK.01810,2020-05-21 00:00:00,12.96,12.7,13.26,12.54,27.789,0.01707,410601268,5306163107.0,-0.7812500000000111,12.8,2020-05-21
336,HK.01810,2020-05-22 00:00:00,12.5,11.86,12.5,11.8,25.951,0.01183,284503395,3427174662.0,-6.6141732283464565,12.7,2020-05-22
337,HK.01810,2020-05-25 00:00:00,11.72,12.26,12.3,11.54,26.827,0.00702,168991873,2023872628.0,3.3726812816188905,11.86,2020-05-25
338,HK.01810,2020-05-26 00:00:00,12.46,12.42,12.68,12.36,27.177,0.00656,157909237,1975570408.0,1.305057096247962,12.26,2020-05-26
339,HK.01810,2020-05-27 00:00:00,12.44,12.08,12.56,11.96,26.433,0.00572,137503555,1667442614.0,-2.7375201288244755,12.42,2020-05-27
340,HK.01810,2020-05-28 00:00:00,12.0,11.82,12.08,11.56,25.864,0.00687,165177477,1950429633.0,-2.1523178807947003,12.08,2020-05-28
341,HK.01810,2020-05-29 00:00:00,11.8,12.02,12.1,11.66,26.301,0.00586,140723266,1682599412.0,1.6920473773265592,11.82,2020-05-29
342,HK.01810,2020-06-01 00:00:00,12.2,12.14,12.34,12.06,26.564,0.00608,145999483,1778704033.0,0.998336106489193,12.02,2020-06-01
343,HK.01810,2020-06-02 00:00:00,12.2,12.46,12.5,11.96,27.264,0.00733,176150846,2159968984.0,2.6359143327841865,12.14,2020-06-02
344,HK.01810,2020-06-03 00:00:00,12.54,12.76,12.98,12.54,27.921,0.00876,210591824,2694219500.0,2.407704654895657,12.46,2020-06-03
345,HK.01810,2020-06-04 00:00:00,13.0,12.66,13.0,12.52,27.702,0.00577,138594400,1763302222.0,-0.7836990595611257,12.76,2020-06-04
346,HK.01810,2020-06-05 00:00:00,12.56,13.02,13.06,12.56,28.49,0.00986,236866754,3060019044.0,2.8436018957345923,12.66,2020-06-05
347,HK.01810,2020-06-08 00:00:00,13.1,12.86,13.46,12.78,28.14,0.01165,279885635,3684348971.0,-1.2288786482334881,13.02,2020-06-08
348,HK.01810,2020-06-09 00:00:00,13.02,12.98,13.3,12.94,28.402,0.00711,170873349,2248546662.0,0.9331259720062286,12.86,2020-06-09
349,HK.01810,2020-06-10 00:00:00,13.06,13.14,13.18,12.92,28.752,0.00396,95249882,1245822105.0,1.2326656394453015,12.98,2020-06-10
350,HK.01810,2020-06-11 00:00:00,13.16,12.82,13.3,12.78,28.052,0.00604,145117405,1888874460.0,-2.4353120243531223,13.14,2020-06-11
351,HK.01810,2020-06-12 00:00:00,12.44,12.8,12.8,12.3,28.008,0.00612,147076355,1856642933.0,-0.15600624024960666,12.82,2020-06-12
352,HK.01810,2020-06-15 00:00:00,12.66,12.46,12.84,12.34,27.264,0.00493,118541153,1489271799.0,-2.656249999999999,12.8,2020-06-15
353,HK.01810,2020-06-16 00:00:00,12.8,12.9,12.98,12.7,28.227,0.00479,115077649,1479280728.0,3.5313001605136396,12.46,2020-06-16
354,HK.01810,2020-06-17 00:00:00,12.9,12.5,12.9,12.38,27.352,0.00781,187796953,2355406561.0,-3.1007751937984525,12.9,2020-06-17
355,HK.01810,2020-06-18 00:00:00,12.44,12.66,12.72,12.34,27.702,0.00531,127789410,1610150317.0,1.2800000000000011,12.5,2020-06-18
356,HK.01810,2020-06-19 00:00:00,12.56,12.9,12.9,12.56,28.227,0.00774,186367112,2388355896.0,1.8957345971563997,12.66,2020-06-19
357,HK.01810,2020-06-22 00:00:00,12.76,12.56,12.96,12.52,27.483,0.00471,113503823,1441878078.0,-2.635658914728681,12.9,2020-06-22
358,HK.01810,2020-06-23 00:00:00,12.6,12.72,12.74,12.4,27.833,0.00407,98101256,1237510961.0,1.2738853503184724,12.56,2020-06-23
359,HK.01810,2020-06-24 00:00:00,12.78,13.88,13.96,12.76,30.371,0.0225,541813155,7394097905.0,9.119496855345913,12.72,2020-06-24
360,HK.01810,2020-06-26 00:00:00,13.72,13.32,13.96,13.32,29.146,0.00778,187425152,2548672142.0,-4.034582132564845,13.88,2020-06-26
361,HK.01810,2020-06-29 00:00:00,13.3,13.0,13.46,12.9,28.446,0.00734,176624198,2317141731.0,-2.4024024024024047,13.32,2020-06-29
362,HK.01810,2020-06-30 00:00:00,13.0,12.84,13.08,12.64,28.096,0.00759,182676073,2351340190.0,-1.2307692307692317,13.0,2020-06-30
363,HK.01810,2020-07-02 00:00:00,12.94,13.6,13.64,12.88,29.759,0.00934,224838647,3005574412.0,5.919003115264796,12.84,2020-07-02
364,HK.01810,2020-07-03 00:00:00,13.64,14.26,14.42,13.24,31.203,0.01493,359435930,5009377846.0,4.85294117647059,13.6,2020-07-03
365,HK.01810,2020-07-06 00:00:00,14.44,14.98,15.0,14.3,32.778,0.0154,370651597,5494360385.0,5.049088359046288,14.26,2020-07-06
366,HK.01810,2020-07-07 00:00:00,15.2,14.78,15.54,14.7,32.341,0.01519,365705127,5546597175.0,-1.335113484646202,14.98,2020-07-07
367,HK.01810,2020-07-08 00:00:00,14.88,16.1,16.1,14.88,35.307,0.01397,336440245,5266226102.0,8.930987821380258,14.78,2020-07-08
368,HK.01810,2020-07-09 00:00:00,16.4,16.84,16.98,16.3,36.929,0.01698,408893203,6820423556.0,4.596273291925456,16.1,2020-07-09
369,HK.01810,2020-07-10 00:00:00,16.84,16.88,17.5,16.42,37.017,0.01257,302829638,5143693235.0,0.23752969121139636,16.84,2020-07-10
370,HK.01810,2020-07-13 00:00:00,17.1,17.04,17.34,16.66,37.368,0.00799,192347140,3287663853.0,0.9478672985782,16.88,2020-07-13
371,HK.01810,2020-07-14 00:00:00,16.7,16.42,16.72,15.8,36.008,0.01221,293987121,4791207028.0,-3.638497652582145,17.04,2020-07-14
372,HK.01810,2020-07-15 00:00:00,16.7,16.36,16.98,15.92,35.877,0.00876,211083375,3463768936.0,-0.3654080389768713,16.42,2020-07-15
373,HK.01810,2020-07-16 00:00:00,16.32,15.08,16.36,15.04,33.07,0.01207,290634851,4505026383.0,-7.823960880195595,16.36,2020-07-16
374,HK.01810,2020-07-17 00:00:00,15.32,15.5,15.84,15.28,33.991,0.00645,155301899,2412957375.0,2.785145888594164,15.08,2020-07-17
375,HK.01810,2020-07-20 00:00:00,15.7,15.82,16.0,15.12,34.692,0.00674,162417931,2543323550.0,2.06451612903226,15.5,2020-07-20
376,HK.01810,2020-07-21 00:00:00,16.4,16.6,16.84,16.4,36.403,0.00829,199690117,3322989897.0,4.930467762326177,15.82,2020-07-21
377,HK.01810,2020-07-22 00:00:00,16.42,15.64,16.76,15.64,34.298,0.00648,156082490,2533920073.0,-5.783132530120486,16.6,2020-07-22
378,HK.01810,2020-07-23 00:00:00,15.78,15.94,16.14,15.46,34.956,0.00755,181784152,2882706739.0,1.918158567774929,15.64,2020-07-23
379,HK.01810,2020-07-24 00:00:00,15.46,15.1,15.76,15.0,33.114,0.00848,204179763,3120405692.0,-5.269761606022584,15.94,2020-07-24
380,HK.01810,2020-07-27 00:00:00,15.3,14.64,15.46,14.42,32.105,0.00723,174246423,2578842897.0,-3.0463576158940335,15.1,2020-07-27
381,HK.01810,2020-07-28 00:00:00,14.9,14.86,15.12,14.66,32.587,0.00481,115779167,1726291308.0,1.5027322404371506,14.64,2020-07-28
382,HK.01810,2020-07-29 00:00:00,14.72,14.9,15.1,14.7,32.675,0.00385,92730606,1386984820.0,0.2691790040376913,14.86,2020-07-29
383,HK.01810,2020-07-30 00:00:00,15.0,14.76,15.28,14.76,32.368,0.0056,134931632,2025664070.0,-0.9395973154362454,14.9,2020-07-30
384,HK.01810,2020-07-31 00:00:00,15.0,14.82,15.2,14.66,32.5,0.0039,93828659,1398086366.0,0.40650406504065373,14.76,2020-07-31
385,HK.01810,2020-08-03 00:00:00,14.94,15.02,15.26,14.58,32.938,0.00539,129893003,1941291297.0,1.3495276653171342,14.82,2020-08-03
386,HK.01810,2020-08-04 00:00:00,15.3,15.5,15.56,14.94,33.991,0.00771,185602859,2844845814.0,3.19573901464714,15.02,2020-08-04
387,HK.01810,2020-08-05 00:00:00,15.6,15.58,15.66,15.22,34.166,0.00392,94468870,1461681848.0,0.516129032258065,15.5,2020-08-05
388,HK.01810,2020-08-06 00:00:00,15.64,15.92,15.92,15.46,34.912,0.00584,140678890,2210035155.0,2.1822849807445435,15.58,2020-08-06
389,HK.01810,2020-08-07 00:00:00,15.9,15.44,15.92,15.0,33.859,0.00585,141007404,2169163567.0,-3.015075376884425,15.92,2020-08-07
390,HK.01810,2020-08-10 00:00:00,15.2,15.14,15.3,15.0,33.201,0.00341,82268121,1244346119.0,-1.9430051813471434,15.44,2020-08-10
391,HK.01810,2020-08-11 00:00:00,15.28,15.02,15.38,14.86,32.938,0.00334,80588390,1216498765.0,-0.7926023778071399,15.14,2020-08-11
392,HK.01810,2020-08-12 00:00:00,15.02,15.06,15.18,14.54,33.026,0.00551,132800401,1964738007.0,0.2663115845539343,15.02,2020-08-12
393,HK.01810,2020-08-13 00:00:00,15.26,15.2,15.48,15.14,33.333,0.00412,99393377,1518257844.0,0.9296148738379733,15.06,2020-08-13
394,HK.01810,2020-08-14 00:00:00,15.24,15.34,15.62,15.1,33.64,0.00403,97266725,1503827224.0,0.9210526315789511,15.2,2020-08-14
395,HK.01810,2020-08-17 00:00:00,16.12,16.2,16.66,15.82,35.526,0.0126,303820941,4949195546.0,5.606258148631026,15.34,2020-08-17
396,HK.01810,2020-08-18 00:00:00,16.68,17.24,17.24,16.42,37.807,0.01354,326483894,5516325802.0,6.419753086419748,16.2,2020-08-18
397,HK.01810,2020-08-19 00:00:00,17.2,17.82,18.34,16.8,39.078,0.01432,345139291,6181217356.0,3.3642691415313335,17.24,2020-08-19
398,HK.01810,2020-08-20 00:00:00,18.1,18.18,18.46,17.64,39.868,0.01137,274144212,4964835069.0,2.020202020202017,17.82,2020-08-20
399,HK.01810,2020-08-21 00:00:00,18.4,18.16,18.62,17.84,39.824,0.00851,205198036,3729218286.0,-0.11001100110010767,18.18,2020-08-21
400,HK.01810,2020-08-24 00:00:00,18.34,18.44,18.76,18.2,40.438,0.00801,193050708,3565326354.0,1.5418502202643234,18.16,2020-08-24
401,HK.01810,2020-08-25 00:00:00,18.5,18.12,18.62,17.86,39.736,0.00713,171797942,3123269104.0,-1.7353579175705003,18.44,2020-08-25
402,HK.01810,2020-08-26 00:00:00,18.32,19.16,19.18,18.2,42.017,0.01581,381070809,7211916799.0,5.7395143487858675,18.12,2020-08-26
403,HK.01810,2020-08-27 00:00:00,19.96,21.35,21.75,19.88,46.82,0.02315,558134375,11680690511.0,11.430062630480174,19.16,2020-08-27
404,HK.01810,2020-08-28 00:00:00,21.5,22.5,23.85,21.15,49.342,0.02525,608706927,13911769814.0,5.3864168618266905,21.35,2020-08-28
405,HK.01810,2020-08-31 00:00:00,23.35,23.5,24.3,22.7,51.535,0.01606,387218776,9134779359.0,4.444444444444445,22.5,2020-08-31
406,HK.01810,2020-09-01 00:00:00,23.8,25.6,25.6,23.55,56.14,0.01598,385276909,9571527379.0,8.936170212765964,23.5,2020-09-01
407,HK.01810,2020-09-02 00:00:00,26.6,25.7,26.95,24.7,56.359,0.01836,442666626,11348558287.0,0.3906249999999917,25.6,2020-09-02
408,HK.01810,2020-09-03 00:00:00,25.45,23.9,25.75,23.55,52.412,0.01656,399246221,9766151131.0,-7.00389105058366,25.7,2020-09-03
409,HK.01810,2020-09-04 00:00:00,22.15,24.5,24.95,22.0,53.728,0.03147,758759875,18217173497.0,2.510460251046031,23.9,2020-09-04
